,Handle,Date,Compound,Positive,Neutral,Negative,Tweet Text,Tweets Ago
0,CNN,Sat Apr 28 06:01:02 +0000 2018,0.4588,0.125,0.875,0.0,"NASA is going to Mars again, this time with the first spaceship dedicated to digging deep below the surface to find‚Ä¶ https://t.co/uIH7xsWR2v",1
1,CNN,Sat Apr 28 05:46:00 +0000 2018,-0.228,0.147,0.655,0.197,"Orange is comforting. 
Pink makes us less violent. 

The psychology of color: https://t.co/FMeiwT4rwA https://t.co/lfsHdeHxzI",2
2,CNN,Sat Apr 28 05:31:01 +0000 2018,0.2732,0.162,0.723,0.115,A young US serviceman injured in Afghanistan was the recipient of the world's first successful total penis and scro‚Ä¶ https://t.co/oFMuRbK1Xb,3
3,CNN,Sat Apr 28 05:16:00 +0000 2018,-0.3612,0.0,0.884,0.116,"Nickelodeon is reviving trivia game show ""Double Dare"" for a new generation of kids to compete in messy physical ch‚Ä¶ https://t.co/sCERaakGAi",4
4,CNN,Sat Apr 28 05:01:06 +0000 2018,0.0,0.0,1.0,0.0,"While this teacher was working her second job as a cashier, a customer slipped her an envelope. When she opened it,‚Ä¶ https://t.co/HpzJ7XyrFd",5
5,CNN,Sat Apr 28 04:46:05 +0000 2018,-0.7506,0.0,0.67,0.33,"Fearing that climate change is hurting their sport, Winter Olympians take on politics https://t.co/9eEe59WpGx https://t.co/ZfBdTgcZBZ",6
6,CNN,Sat Apr 28 04:31:07 +0000 2018,0.0516,0.098,0.812,0.09,"Exposure to the kind of blue light emitted by outdoor LEDs, smartphones and tablets may increase your risk of breas‚Ä¶ https://t.co/JQ2FYeaqWE",7
7,CNN,Sat Apr 28 04:16:04 +0000 2018,0.0,0.0,1.0,0.0,History was made Friday when Kim Jong Un became the first North Korean leader to cross into South Korean territory‚Ä¶ https://t.co/wQ0jonYk04,8
8,CNN,Sat Apr 28 04:01:04 +0000 2018,0.3034,0.13,0.87,0.0,EXCLUSIVE: The NRA is setting aside years of documents regarding its ties to a Kremlin-linked banker‚Ä¶ https://t.co/xhs1JS1TjY,9
9,CNN,Sat Apr 28 03:46:03 +0000 2018,0.0,0.0,1.0,0.0,Arizona's only two black state legislators were publicly rebuked after they expressed concern over a colleague usin‚Ä¶ https://t.co/Oex3COW0wn,10
10,CNN,Sat Apr 28 03:31:07 +0000 2018,0.4404,0.162,0.838,0.0,FIFA directed attention to the organization's ethics rules following President Donald Trump's tweet supporting the‚Ä¶ https://t.co/thSjy2uSh1,11
11,CNN,Sat Apr 28 03:17:51 +0000 2018,-0.4215,0.0,0.851,0.149,This award-winning photo of an anteater creeping toward a glowing termite mound was disqualified after judges concl‚Ä¶ https://t.co/my31vI7spK,12
12,CNN,Sat Apr 28 03:03:24 +0000 2018,0.5542,0.194,0.739,0.068,"RT @AC360: ""With little to no money or food, she has tried to protect them [her children], in search of a better life."" - CNN's @leylasanti‚Ä¶",13
13,CNN,Sat Apr 28 02:54:23 +0000 2018,0.0,0.0,1.0,0.0,"Gabriela Hernandez, who is pregnant, and her two boys joined the ""migrant caravan"" of travelers across Mexico towar‚Ä¶ https://t.co/w69CpWBrqg",14
14,CNN,Sat Apr 28 02:46:04 +0000 2018,-0.5859,0.0,0.745,0.255,These are the people our nonsense US border policy ignores | By @wkamaubell via @CNNOpinion https://t.co/HziZuiIh6w https://t.co/afeZDzfhun,15
15,CNN,Sat Apr 28 02:42:11 +0000 2018,-0.128,0.12,0.737,0.143,"""We're stronger together"": After a football accident, doctors told him he'd never walk again. Seven years later, hi‚Ä¶ https://t.co/KVxRZQ3rpo",16
16,CNN,Sat Apr 28 02:36:06 +0000 2018,0.0,0.0,1.0,0.0,"A main proponent of the Russia sanctions law known as the Magnitsky Act says Natalia Veselnitskaya, the Russian law‚Ä¶ https://t.co/PuKOUHKaWD",17
17,CNN,Sat Apr 28 02:31:07 +0000 2018,-0.7717,0.0,0.739,0.261,An investigation into the death of a mentally ill man who was repeatedly tased in his shower by two West Milwaukee‚Ä¶ https://t.co/2R2uyUZE9e,18
18,CNN,Sat Apr 28 02:21:03 +0000 2018,0.0,0.0,1.0,0.0,This Donald Trump answer on Russian collusion is a real doozy | Analysis by @CillizzaCNN https://t.co/yZS5aUUHyG https://t.co/bJvExMfwcQ,19
19,CNN,Sat Apr 28 02:11:04 +0000 2018,0.0,0.0,1.0,0.0,Hush money deals are business as usual for Stormy Daniels' ex-attorney https://t.co/lXlEkqzseG https://t.co/ILlawTiilb,20
20,CNN,Sat Apr 28 02:01:08 +0000 2018,0.0,0.0,1.0,0.0,The Nevada Senate race shows that demographics are not destiny | Analysis by CNN's Harry Enten‚Ä¶ https://t.co/UhMAJlfxtQ,21
21,CNN,Sat Apr 28 01:51:08 +0000 2018,-0.6597,0.0,0.671,0.329,All 10 victims of the Toronto van attack have been identified https://t.co/oE3zD2fLJQ https://t.co/QjLUniozNt,22
22,CNN,Sat Apr 28 01:51:07 +0000 2018,-0.2263,0.063,0.829,0.107,Rabbis want Kansas state Sen. Steve Fitzgerald to stop citing the Nazis and Holocaust in his anti-abortion argument‚Ä¶ https://t.co/QZbRxi3woV,23
23,CNN,Sat Apr 28 01:44:20 +0000 2018,0.3641,0.12,0.829,0.05,"RT @AC360: ""It's almost laughable, except it's not, that invoking fairness and remembering those less fortunate, apparently is now a firing‚Ä¶",24
24,CNN,Sat Apr 28 01:43:06 +0000 2018,0.0,0.0,1.0,0.0,A Republican candidate in the Georgia gubernatorial race appears to have cribbed language from Missouri Gov. Eric G‚Ä¶ https://t.co/zMnmoq2caD,25
25,CNN,Sat Apr 28 01:37:23 +0000 2018,-0.3818,0.0,0.86,0.14,American Airlines is being sued after a bride returning from her honeymoon had a medical emergency during a flight‚Ä¶ https://t.co/pFTc5ZLuI6,26
26,CNN,Sat Apr 28 01:00:16 +0000 2018,0.0,0.0,1.0,0.0,"RT @AC360: ""I think she just blurted it out: ... she said ... 'I have a dual role: I'm a private attorney and I'm an informant.'"" - @Sharon‚Ä¶",27
27,CNN,Sat Apr 28 00:57:42 +0000 2018,-0.4019,0.0,0.881,0.119,"""Doing one thing counts, especially for a species that's in such peril. Imagine what would happen if we all did one‚Ä¶ https://t.co/xefxwJO5dR",28
28,CNN,Sat Apr 28 00:51:07 +0000 2018,0.0516,0.098,0.812,0.09,"Exposure to the kind of blue light emitted by outdoor LEDs, smartphones and tablets may increase your risk of breas‚Ä¶ https://t.co/eYrT16IdkN",29
29,CNN,Sat Apr 28 00:46:04 +0000 2018,-0.4215,0.0,0.859,0.141,"14 more people have become ill from E. coli linked to romaine lettuce, the CDC says https://t.co/riP3ia471h https://t.co/RZ6gpIR2HQ",30
30,CNN,Sat Apr 28 00:41:07 +0000 2018,-0.6486,0.0,0.739,0.261,Paul Ryan's firing of Father Conroy should worry us all | By Jay Parini via @CNNOpinion https://t.co/jMcFD4vHrs https://t.co/1bRaVFhzMN,31
31,CNN,Sat Apr 28 00:36:03 +0000 2018,0.0,0.0,1.0,0.0,"The EPA inspector general is looking into Administrator Scott Pruitt's $50-per-night apartment rental, travel expen‚Ä¶ https://t.co/8L5tML33Zr",32
32,CNN,Sat Apr 28 00:32:38 +0000 2018,0.1027,0.08,0.92,0.0,"Russians reached out to Trump team about Magnitsky Act sanctions after the 2016 election, Democrats say‚Ä¶ https://t.co/WyxJY1jsBq",33
33,CNN,Sat Apr 28 00:21:08 +0000 2018,0.1531,0.125,0.733,0.142,"When Colorado teachers took to the streets for a second day of protests for better pay and learning conditions, the‚Ä¶ https://t.co/jd7gyJMRMj",34
34,CNN,Sat Apr 28 00:08:30 +0000 2018,0.4588,0.125,0.875,0.0,"NASA is going to Mars again, this time with the first spaceship dedicated to digging deep below the surface to find‚Ä¶ https://t.co/wbgDjCiYfY",35
35,CNN,Fri Apr 27 23:57:03 +0000 2018,-0.1779,0.0,0.898,0.102,This is the cultural dilemma of Bill Cosby's fall | By Gene Seymour via @CNNOpinion https://t.co/Rxqmc97xFo https://t.co/n91QLpRTpC,36
36,CNN,Fri Apr 27 23:32:38 +0000 2018,0.6478,0.209,0.791,0.0,US Secretary of Defense James Mattis says there is more optimism than ever before when it comes to dealing with Nor‚Ä¶ https://t.co/3fHdNdj0ry,37
37,CNN,Fri Apr 27 23:16:14 +0000 2018,0.0,0.0,1.0,0.0,"RT @TheLeadCNN: As the New York Times reports that the Russian lawyer at the Trump Tower meeting had previously unknown Kremlin ties, fmr.‚Ä¶",38
38,CNN,Fri Apr 27 23:15:14 +0000 2018,-0.6486,0.0,0.815,0.185,An investigation of the Golden State Killer hinged on a search of public genetic databases. Here's what the case me‚Ä¶ https://t.co/EFKQziaJTU,39
39,CNN,Fri Apr 27 23:00:51 +0000 2018,0.0,0.0,1.0,0.0,"Dr. Ronny, Emmanuel, Kanye, Cohen, Comey and more! 1 week in Washington | Analysis by @CillizzaCNN‚Ä¶ https://t.co/2E92oRG4my",40
40,CNN,Fri Apr 27 22:49:49 +0000 2018,-0.7506,0.0,0.67,0.33,"Fearing that climate change is hurting their sport, Winter Olympians take on politics https://t.co/9UBBDDCA6i https://t.co/7FE26BJG5Y",41
41,CNN,Fri Apr 27 22:42:56 +0000 2018,0.4404,0.162,0.838,0.0,FIFA directed attention to the organization's ethics rules following President Donald Trump's tweet supporting the‚Ä¶ https://t.co/5RmSefZpVu,42
42,CNN,Fri Apr 27 22:27:25 +0000 2018,-0.7506,0.0,0.714,0.286,"Israeli forces shot and killed three Palestinian men during protests along the Israel-Gaza border on Friday, accord‚Ä¶ https://t.co/2byFWmoPrU",43
43,CNN,Fri Apr 27 22:01:07 +0000 2018,0.0,0.0,1.0,0.0,"Wynn Resorts CEO Matt Maddox says the company wants to change the name of its Boston casino project from ""Wynn Bost‚Ä¶ https://t.co/Gzn60mLgJG",44
44,CNN,Fri Apr 27 21:53:18 +0000 2018,-0.2263,0.0,0.905,0.095,"The judge in Stormy Daniels' lawsuit against President Donald Trump and his personal attorney, Michael Cohen, has i‚Ä¶ https://t.co/3A9QiLERVo",45
45,CNN,Fri Apr 27 21:39:47 +0000 2018,0.0,0.0,1.0,0.0,Here's how artists depicted the week in Kanye https://t.co/1vJFdLwQZ0 https://t.co/FHgFQu4DW3,46
46,CNN,Fri Apr 27 21:37:16 +0000 2018,-0.1779,0.112,0.744,0.144,"RT @TheLeadCNN: Many people don't realize that ""our border security hurts America,"" @wkamaubell tells @jaketapper, after interviewing peopl‚Ä¶",47
47,CNN,Fri Apr 27 21:25:31 +0000 2018,-0.8834,0.0,0.623,0.377,"At least seven students were killed and 12 injured in a knife attack at a middle school in Shaanxi province, China,‚Ä¶ https://t.co/B6tDuy7Wm6",48
48,CNN,Fri Apr 27 21:13:53 +0000 2018,0.3034,0.122,0.878,0.0,BREAKING EXCLUSIVE: The NRA is setting aside years of documents regarding its ties to a Kremlin-linked banker‚Ä¶ https://t.co/2IIcO9rld1,49
49,CNN,Fri Apr 27 20:57:40 +0000 2018,0.0,0.0,1.0,0.0,"James Cameron brings star power to ""Story of Science Fiction"" https://t.co/fFX1SWat2F https://t.co/C76pOi1oJ6",50
50,CNN,Fri Apr 27 20:54:30 +0000 2018,-0.5423,0.0,0.837,0.163,"Tom Brokaw rails against sexual harassment allegations in a letter to colleagues, saying he was ""perp walked ... as‚Ä¶ https://t.co/thtYpiQ19o",51
51,CNN,Fri Apr 27 20:45:23 +0000 2018,0.2263,0.139,0.759,0.101,When does an arrest become a rescue? @wkamaubell hears how the answer isn‚Äôt always black and white when that arrest‚Ä¶ https://t.co/CPW3XZrS2D,52
52,CNN,Fri Apr 27 20:41:08 +0000 2018,0.0,0.0,1.0,0.0,"Tom Brokaw says he did not intend for a ""rough draft"" of a letter he wrote to be widely read.

In it, he rails agai‚Ä¶ https://t.co/CONo7wnxKi",53
53,CNN,Fri Apr 27 20:31:05 +0000 2018,-0.6124,0.0,0.773,0.227,"A lack of fuel caused the 2016 crash of a charter flight carrying a Brazilian soccer team, the Colombian aviation a‚Ä¶ https://t.co/EwDvG3Gyjt",54
54,CNN,Fri Apr 27 20:21:04 +0000 2018,0.0,0.0,1.0,0.0,The Florida school shooter appeared in court and waived his right to a speedy trial https://t.co/PBXp4idVv9 https://t.co/ewXqsJ4lB0,55
55,CNN,Fri Apr 27 20:11:07 +0000 2018,0.0,0.0,1.0,0.0,"US Air Force B-52 Stratofortress bombers flew a training mission over the South China Sea on Tuesday, according to‚Ä¶ https://t.co/7afwPQdT8U",56
56,CNN,Fri Apr 27 20:01:06 +0000 2018,0.0,0.0,1.0,0.0,Arizona's only two black state legislators were publicly rebuked after they expressed concern over a colleague usin‚Ä¶ https://t.co/bvQyGCOnE4,57
57,CNN,Fri Apr 27 19:51:06 +0000 2018,0.4939,0.138,0.862,0.0,"""Ronny Jackson is one of the finest men I've ever met,"" said President Donald Trump, who praised his embattled Whit‚Ä¶ https://t.co/erxqJLW1IJ",58
58,CNN,Fri Apr 27 19:41:04 +0000 2018,-0.4215,0.0,0.851,0.149,This award-winning photo of an anteater creeping toward a glowing termite mound was disqualified after judges concl‚Ä¶ https://t.co/d5bhBDJMlM,59
59,CNN,Fri Apr 27 19:31:04 +0000 2018,0.0,0.0,1.0,0.0,"Bill Cosby, ""Roseanne"" and the complications of '80s nostalgia https://t.co/VKvNZhfE3a https://t.co/BbmgikbeHl",60
60,CNN,Fri Apr 27 19:21:03 +0000 2018,0.2023,0.127,0.738,0.135,Rep. Patrick Meehan announced he is resigning from the House effective Friday and will pay back $39K used to settle‚Ä¶ https://t.co/c8Vdty7ia7,61
61,CNN,Fri Apr 27 19:11:02 +0000 2018,-0.0516,0.174,0.682,0.144,The United Nations is to reopen an investigation into allegations of sexual assault by one of its top officials aft‚Ä¶ https://t.co/EKI1wKT2jc,62
62,CNN,Fri Apr 27 19:02:19 +0000 2018,-0.4767,0.0,0.86,0.14,"Chris Norton, 26, was told that he might never walk again. But 7 years after a football accident paralyzed him, his‚Ä¶ https://t.co/BEFUr0BJR9",63
63,CNN,Fri Apr 27 18:50:59 +0000 2018,0.0,0.0,1.0,0.0,"US President Trump said potential sites for a summit with North Korean leader Kim Jong Un have been narrowed to ""tw‚Ä¶ https://t.co/rfRvqe9fmk",64
64,CNN,Fri Apr 27 18:40:07 +0000 2018,0.34,0.107,0.893,0.0,"Temple University rescinds the honorary degree it gave to Bill Cosby, one of its most famous alums and a former tru‚Ä¶ https://t.co/nNrITfCOCw",65
65,CNN,Fri Apr 27 18:38:37 +0000 2018,0.6486,0.194,0.806,0.0,RT @CNNPolitics: Trump says he is encouraged by the progress made at the Inter-Korean Summit and says he looks forward to meeting with Nort‚Ä¶,66
66,CNN,Fri Apr 27 18:30:12 +0000 2018,0.0772,0.287,0.51,0.204,"Chance the Rapper rejects ""thank you"" from President Trump https://t.co/qJhFAyoAGC https://t.co/2zJOO2Vc72",67
67,CNN,Fri Apr 27 18:20:07 +0000 2018,-0.3612,0.0,0.783,0.217,What teacher strikes are really about | via @CNNopinion https://t.co/1h6S1VlrHD https://t.co/5dFYCOSHQe,68
68,CNN,Fri Apr 27 18:10:09 +0000 2018,-0.4215,0.0,0.859,0.141,The ex-con coal executive the GOP fears could be their nominee in West Virginia Senate race https://t.co/QEdii9hKpv https://t.co/Z42bkbgXZC,69
69,CNN,Fri Apr 27 18:05:25 +0000 2018,0.0,0.0,1.0,0.0,President Trump and German Chancellor Merkel are holding a joint press conference in the East Room of the White Hou‚Ä¶ https://t.co/xDSUUp6hFs,70
70,CNN,Fri Apr 27 17:52:04 +0000 2018,0.0,0.0,1.0,0.0,Secretary of State Mike Pompeo says President Trump is unlikely to keep the US in the Iran nuclear deal past the ne‚Ä¶ https://t.co/vTd9hjezX0,71
71,CNN,Fri Apr 27 17:46:30 +0000 2018,0.0,0.0,1.0,0.0,"While this teacher was working her second job as a cashier, a customer slipped her an envelope. When she opened it,‚Ä¶ https://t.co/8TqDTbbLHN",72
72,CNN,Fri Apr 27 17:30:11 +0000 2018,0.0772,0.113,0.795,0.093,How Amazon made Prime into an indispensable product you'd pay anything for https://t.co/sQgwLcBX47 https://t.co/WSEz2phUML,73
73,CNN,Fri Apr 27 17:17:58 +0000 2018,-0.1593,0.112,0.708,0.18,A judge said that Manafort can't use this lawsuit to stop the special counsel's office from continuing to pursue an‚Ä¶ https://t.co/XWJGER4IlY,74
74,CNN,Fri Apr 27 17:17:18 +0000 2018,-0.128,0.118,0.699,0.183,Former Trump campaign chairman Paul Manafort has lost his lawsuit claiming Deputy AG Rod Rosenstein and special cou‚Ä¶ https://t.co/1s8A1xAR42,75
75,CNN,Fri Apr 27 17:00:12 +0000 2018,0.3291,0.11,0.89,0.0,"Former President George H.W. Bush ""is in excellent spirits,"" but will continue to recover in the hospital through t‚Ä¶ https://t.co/2VEadYSOTg",76
76,CNN,Fri Apr 27 16:50:06 +0000 2018,-0.5106,0.0,0.769,0.231,Why Bill Cosby may not spend any time in prison https://t.co/fe4neqzCVI https://t.co/turU31ZiMp,77
77,CNN,Fri Apr 27 16:40:12 +0000 2018,0.4404,0.139,0.861,0.0,"Salem Media, owner of the influential conservative website RedState, froze the site today and dismissed many of its‚Ä¶ https://t.co/t8kQpdZHyz",78
78,CNN,Fri Apr 27 16:30:07 +0000 2018,-0.2023,0.0,0.909,0.091,At least two Republican House members confronted House Speaker Paul Ryan this morning at their caucus meeting over‚Ä¶ https://t.co/uu6JOjengK,79
79,CNN,Fri Apr 27 16:20:06 +0000 2018,0.5574,0.205,0.795,0.0,The remarkable smackdown of Bob Menendez by his Senate colleagues | Analysis by @CillizzaCNN https://t.co/tN5eo2ocjv https://t.co/gWtTBLvrHZ,80
80,CNN,Fri Apr 27 16:10:09 +0000 2018,-0.3612,0.0,0.894,0.106,Many people are apart from their moms this Mother‚Äôs Day due to immigration struggles. Are you one of them? If you‚Äôd‚Ä¶ https://t.co/Je2u4y1KSu,81
81,CNN,Fri Apr 27 16:00:06 +0000 2018,0.5423,0.179,0.821,0.0,Kim Jong Un is a tyrant. Talk of peace in Korea doesn't change that. | @adamcathcart for @CNNopinion‚Ä¶ https://t.co/ntvaPWRMiy,82
82,CNN,Fri Apr 27 15:50:37 +0000 2018,0.2023,0.107,0.893,0.0,An unbelievable week -- or just another week in Trump world | Analysis by @StCollinson https://t.co/JE5MSiMnJG https://t.co/BFM18Qv94C,83
83,CNN,Fri Apr 27 15:40:12 +0000 2018,0.34,0.195,0.805,0.0,Amazon is raising the price of Amazon Prime from $99 to $119 per year https://t.co/XOpAeTMkBD https://t.co/91r30G77Gq,84
84,CNN,Fri Apr 27 15:30:41 +0000 2018,0.0,0.0,1.0,0.0,The Duke and Duchess of Cambridge have named their third child Louis Arthur Charles. The new royal baby is fifth in‚Ä¶ https://t.co/gL51tjV6rV,85
85,CNN,Fri Apr 27 15:20:09 +0000 2018,0.0,0.0,1.0,0.0,History was made Friday when Kim Jong Un became the first North Korean leader to cross into South Korean territory‚Ä¶ https://t.co/vlxhjOrxwR,86
86,CNN,Fri Apr 27 15:10:07 +0000 2018,0.4588,0.125,0.875,0.0,"NASA is going to Mars again, this time with the first spaceship dedicated to digging deep below the surface to find‚Ä¶ https://t.co/OHyYZPYJdU",87
87,CNN,Fri Apr 27 15:04:25 +0000 2018,0.0,0.0,1.0,0.0,"The White House medical unit frequently functioned as a ""grab and go"" clinic where mid-level staffers to the most s‚Ä¶ https://t.co/eTncZXXqu5",88
88,CNN,Fri Apr 27 14:50:37 +0000 2018,0.0,0.0,1.0,0.0,"President Trump is hosting a celebration for US Olympians at the White House.

Watch on Facebook:‚Ä¶ https://t.co/KddL5jsefY",89
89,CNN,Fri Apr 27 14:47:14 +0000 2018,0.4939,0.144,0.856,0.0,This is the moment Moon Jae-in and Kim Jong Un signed an agreement pledging to end the Korean War‚Ä¶ https://t.co/9KrP1VpTJb,90
90,CNN,Fri Apr 27 14:35:37 +0000 2018,0.4767,0.162,0.838,0.0,The House Intelligence Committee has released a redacted version of the Republican report on the committee's year-l‚Ä¶ https://t.co/1cHDX8D7Zl,91
91,CNN,Fri Apr 27 14:22:49 +0000 2018,0.7003,0.254,0.746,0.0,"President Trump will welcome the United States' Winter Olympics teams to the White House today.

Lindsey Vonn, Gus‚Ä¶ https://t.co/v7iOIFxx4l",92
92,CNN,Fri Apr 27 14:16:35 +0000 2018,0.0,0.0,1.0,0.0,"JUST IN: Newly published emails indicate that Natalia Veselnitskaya, the Russian lawyer who met with Trump campaign‚Ä¶ https://t.co/6iBdy0Q2E8",93
93,CNN,Fri Apr 27 14:06:02 +0000 2018,0.5574,0.153,0.847,0.0,"The first meeting between North Korea's Kim Jong Un and his counterpart Moon Jae-in was rich in symbolism, and mome‚Ä¶ https://t.co/iZlfk4lUlQ",94
94,CNN,Fri Apr 27 13:56:05 +0000 2018,-0.3612,0.0,0.783,0.217,Here's how far teacher salaries have fallen behind https://t.co/7fzsjbgUdC https://t.co/OvDmuqz9iZ,95
95,CNN,Fri Apr 27 13:45:00 +0000 2018,0.4019,0.109,0.891,0.0,"President Donald Trump on Thursday tweeted his support of the joint bid by the US, Mexico and Canada to host the 20‚Ä¶ https://t.co/LlCJ1yrpB2",96
96,CNN,Fri Apr 27 13:31:57 +0000 2018,0.0,0.0,1.0,0.0,"One in 59 US children has autism, according to a new report from the CDC https://t.co/i1aaiGmYX2 https://t.co/AmqcrzMVCF",97
97,CNN,Fri Apr 27 13:15:43 +0000 2018,-0.296,0.0,0.885,0.115,"Mamma Mia, here they go again -- Swedish pop group ABBA is back with new music https://t.co/aFq4WAfGsj https://t.co/Bqfs8ZeM3G",98
98,CNN,Fri Apr 27 13:01:59 +0000 2018,0.0,0.0,1.0,0.0,"Kim Jong Un waves goodbye at the #InterKoreanSummit (accompanied, of course, by his now-famous jogging bodyguards)‚Ä¶ https://t.co/WSwVxdkcNW",99
99,CNN,Fri Apr 27 13:00:07 +0000 2018,0.0,0.0,1.0,0.0,"The US economy grew at a rate of 2.3% in the first quarter, according to the Commerce Department's preliminary repo‚Ä¶ https://t.co/K4T7VCTfn5",100
100,BBCWorld,Sat Apr 28 04:40:01 +0000 2018,0.0772,0.14,0.86,0.0,Koreas summit: North Korean media hail 'historic' meeting https://t.co/XgW5WG7Nyy,1
101,BBCWorld,Sat Apr 28 04:18:04 +0000 2018,0.5423,0.28,0.72,0.0,Koreas summit: Will historic talks lead to lasting peace? https://t.co/KGG7yOhidn,2
102,BBCWorld,Sat Apr 28 04:07:07 +0000 2018,0.128,0.233,0.583,0.184,France's protesters revive ghosts of 1968 revolt https://t.co/EYmmicnA6k,3
103,BBCWorld,Sat Apr 28 01:07:39 +0000 2018,0.0,0.0,1.0,0.0,SOS! Will Abba's new music live up to their legacy? https://t.co/8DtlZncAbt,4
104,BBCWorld,Sat Apr 28 01:01:46 +0000 2018,0.2023,0.167,0.833,0.0,Crossing Divides: Can Chinese Americans solve differences over dinner? https://t.co/v5YfYenJ5Y,5
105,BBCWorld,Sat Apr 28 00:44:11 +0000 2018,-0.4939,0.0,0.714,0.286,Lions are being poisoned in Uganda's National Park https://t.co/RpbTlwAAka,6
106,BBCWorld,Sat Apr 28 00:38:01 +0000 2018,0.0,0.0,1.0,0.0,Week in pictures: 21-27 April 2018 https://t.co/hrAYCUMVdX,7
107,BBCWorld,Sat Apr 28 00:28:56 +0000 2018,-0.7579,0.0,0.581,0.419,Golden State Killer suspect: Joseph James DeAngelo appears in court https://t.co/zFainEg7Vz,8
108,BBCWorld,Fri Apr 27 23:51:25 +0000 2018,0.0772,0.14,0.86,0.0,Quebec mosque gunman may face 150-year jail sentence https://t.co/4DxfnrBQhW,9
109,BBCWorld,Fri Apr 27 23:51:25 +0000 2018,0.0,0.0,1.0,0.0,Michael Cohen: Stormy Daniels case against Trump's lawyer put on hold https://t.co/ZAZRIWrYJg,10
110,BBCWorld,Fri Apr 27 20:35:05 +0000 2018,-0.4019,0.0,0.769,0.231,Guinea politician 'enslaved girl in Texas for 16 years' https://t.co/POdPyGSCG9,11
111,BBCWorld,Fri Apr 27 19:08:26 +0000 2018,0.7506,0.416,0.584,0.0,Korean summit: Welcoming Kim Jong-un with pomp and peace rituals https://t.co/k7LuSuYXeS,12
112,BBCWorld,Fri Apr 27 19:05:36 +0000 2018,0.2732,0.174,0.826,0.0,Trump visit: How previous presidents were greeted by the UK https://t.co/EdgbjbwUGs,13
113,BBCWorld,Fri Apr 27 18:29:57 +0000 2018,-0.6705,0.0,0.667,0.333,"Israel border clashes: Three Palestinians killed, Gaza officials say https://t.co/4SKGfbaaPW",14
114,BBCWorld,Fri Apr 27 18:09:23 +0000 2018,0.3612,0.301,0.531,0.168,Armenia's new president praises 'courage' of protesters https://t.co/Jsd0rGlBr2,15
115,BBCWorld,Fri Apr 27 17:40:11 +0000 2018,0.3818,0.224,0.776,0.0,Ethics debate as pig brains kept alive without a body https://t.co/yLQDdaWpqA,16
116,BBCWorld,Fri Apr 27 17:07:58 +0000 2018,-0.0772,0.0,0.874,0.126,Balenciaga sorry over mistreatment of Chinese shoppers in Paris https://t.co/NwcZIJXwfn,17
117,BBCWorld,Fri Apr 27 16:34:57 +0000 2018,0.0,0.0,1.0,0.0,Peru child sacrifice discovery may be largest in history https://t.co/9EAkdEQcwu,18
118,BBCWorld,Fri Apr 27 15:24:47 +0000 2018,0.0,0.0,1.0,0.0,The race to document Australia's unknown species https://t.co/KvRqLuPXab,19
119,BBCWorld,Fri Apr 27 15:08:34 +0000 2018,0.4019,0.278,0.722,0.0,I used YouTube to help deliver my baby https://t.co/fAOvs4h2LC,20
120,BBCWorld,Fri Apr 27 14:49:39 +0000 2018,0.0,0.0,1.0,0.0,Merkel holds 'working visit' with Trump at the White House https://t.co/ldZMdBbag2,21
121,BBCWorld,Fri Apr 27 14:17:22 +0000 2018,0.6369,0.318,0.682,0.0,French-Tunisian baker on the secrets behind Paris' best baguettes https://t.co/cTX54HTNV0,22
122,BBCWorld,Fri Apr 27 13:01:37 +0000 2018,-0.7783,0.0,0.424,0.576,China teenage students stabbed to death https://t.co/AAPCKVp2bU,23
123,BBCWorld,Fri Apr 27 12:30:26 +0000 2018,-0.6908,0.0,0.598,0.402,Viewpoint: Spain rape case highlights enduring machismo https://t.co/RwyjZa1YTM,24
124,BBCWorld,Fri Apr 27 12:00:25 +0000 2018,0.0,0.0,1.0,0.0,ABBA announce first new music since 1982 https://t.co/y3WnuMHAeq,25
125,BBCWorld,Fri Apr 27 11:46:24 +0000 2018,0.0,0.0,1.0,0.0,Kenya bans Rafiki ahead of Cannes debut over lesbian scenes https://t.co/k67O8AGpCw,26
126,BBCWorld,Fri Apr 27 11:10:18 +0000 2018,0.0,0.0,1.0,0.0,Cardi B is being sued by her former manager for ¬£7m https://t.co/aDXZqijAVZ,27
127,BBCWorld,Fri Apr 27 10:34:50 +0000 2018,0.0,0.0,1.0,0.0,Harry Potter star Tom Felton set for new YouTube sci-fi series Origin https://t.co/V8lwj4ivzl,28
128,BBCWorld,Fri Apr 27 10:29:26 +0000 2018,-0.5994,0.0,0.698,0.302,North Korea: Otto Warmbier's family sues over son's death https://t.co/tEnhyoy23z,29
129,BBCWorld,Fri Apr 27 10:15:17 +0000 2018,0.0,0.0,1.0,0.0,How to handle the flood of GDPR privacy updates https://t.co/TVltjNM07l,30
130,BBCWorld,Fri Apr 27 09:55:18 +0000 2018,0.2732,0.208,0.792,0.0,Five times Kanye West took us by surprise https://t.co/8sadUUC6Wl,31
131,BBCWorld,Fri Apr 27 09:47:05 +0000 2018,0.0,0.0,1.0,0.0,Wildlife photo competition disqualifies 'stuffed anteater' image https://t.co/X0WI8FFg6D,32
132,BBCWorld,Fri Apr 27 09:44:14 +0000 2018,-0.765,0.0,0.577,0.423,Israel floods: Arrests as 10 teens drown on school trip https://t.co/isM4x6llRt,33
133,BBCWorld,Fri Apr 27 09:44:12 +0000 2018,-0.4767,0.0,0.693,0.307,IS web media targeted in EU-led attack https://t.co/KZuNoxnqZh,34
134,BBCWorld,Fri Apr 27 09:18:59 +0000 2018,0.0,0.0,1.0,0.0,Koreas make nuclear pledge after summit https://t.co/WSBC9TZn59,35
135,BBCWorld,Fri Apr 27 07:16:24 +0000 2018,0.0,0.0,1.0,0.0,K-pop superstars BTS launch world tour https://t.co/iGF9YBajCg,36
136,BBCWorld,Fri Apr 27 07:10:33 +0000 2018,0.0,0.0,1.0,0.0,Real-life Transformer: The Japanese robot that becomes a car https://t.co/ES9J4wDTmN,37
137,BBCWorld,Fri Apr 27 06:57:17 +0000 2018,0.0,0.0,1.0,0.0,"RT @BBCBreaking: #interkoreansummit

‚Ä¢ Kim Jong-un crosses into South Korea
‚Ä¢ First North Korean leader to do so since the end of the Korea‚Ä¶",38
138,BBCWorld,Fri Apr 27 06:26:42 +0000 2018,0.0,0.0,1.0,0.0,"A joint declaration will be signed at the end of today's https://t.co/TaMkQQTxAN's what we can expect. 
https://t.co/0r9P8EPdhX",39
139,BBCWorld,Fri Apr 27 06:01:14 +0000 2018,-0.8462,0.0,0.574,0.426,"DNA linked the crimes but police had struggled to identify the attacker.
https://t.co/2BWkGTvdmz",40
140,BBCWorld,Fri Apr 27 05:07:03 +0000 2018,0.0,0.0,1.0,0.0,"From loudspeakers to balloons: How the Koreas wind each other up
https://t.co/hfg6YGsryO",41
141,BBCWorld,Fri Apr 27 04:21:53 +0000 2018,0.0,0.0,1.0,0.0,The handshake that made history. https://t.co/JB09Ce9mHt,42
142,BBCWorld,Fri Apr 27 03:23:41 +0000 2018,0.7269,0.357,0.643,0.0,Does Trump deserve the credit for peace talks with North Korea? https://t.co/nb7NsFvrX7 https://t.co/V3oXSutUug,43
143,BBCWorld,Fri Apr 27 03:19:10 +0000 2018,-0.7579,0.0,0.519,0.481,Golden State Killer suspect traced using genealogy websites https://t.co/yQdFHhlT2n,44
144,BBCWorld,Fri Apr 27 03:16:28 +0000 2018,0.0,0.0,1.0,0.0,Australia's Crown casino fined for 'blanking' slot machines https://t.co/XThBetqmPm,45
145,BBCWorld,Fri Apr 27 02:46:46 +0000 2018,0.128,0.12,0.88,0.0,"History has been created, but the real work has just begun. https://t.co/YbVvpPL9v3",46
146,BBCWorld,Fri Apr 27 02:15:08 +0000 2018,-0.5574,0.0,0.714,0.286,EU member states to vote on near-total neonicotinoids ban https://t.co/mD24VbaA9q,47
147,BBCWorld,Fri Apr 27 02:07:27 +0000 2018,0.0,0.0,1.0,0.0,A brief but seismic chat between the two Korean leaders. https://t.co/JZUaZxGSqX,48
148,BBCWorld,Fri Apr 27 02:02:56 +0000 2018,0.4019,0.278,0.722,0.0,Crossing Divides: Turkish schools help Syrians integrate https://t.co/eDS9AmYv5u,49
149,BBCWorld,Fri Apr 27 01:48:10 +0000 2018,0.4019,0.231,0.769,0.0,Special master appointed in Trump lawyer Michael Cohen's case https://t.co/ztSrVzBswQ,50
150,BBCWorld,Fri Apr 27 01:42:12 +0000 2018,0.0,0.0,1.0,0.0,A turning point for the Korean peninsula? https://t.co/Gt5AKDmO5s,51
151,BBCWorld,Fri Apr 27 01:27:46 +0000 2018,0.0,0.0,1.0,0.0,Meet the ex-miners who are now walking on water https://t.co/hhZvmhCb3i,52
152,BBCWorld,Fri Apr 27 01:15:11 +0000 2018,0.5423,0.137,0.863,0.0,"What Kim wrote in the guest book at Peace House just after crossing the border.
""A new history begins now - at the‚Ä¶ https://t.co/8y9xJqwaj4",53
153,BBCWorld,Fri Apr 27 01:00:24 +0000 2018,0.0,0.0,1.0,0.0,Kim Jong-un crosses Korean border for summit https://t.co/VRPFj6vCF2,54
154,BBCWorld,Fri Apr 27 00:41:59 +0000 2018,0.0,0.0,1.0,0.0,A seismic moment in the history of the Korean peninsula. Follow live updates here: https://t.co/vv5uV87fJX https://t.co/AExpnrcL1h,55
155,BBCWorld,Fri Apr 27 00:31:50 +0000 2018,0.0,0.0,1.0,0.0,"Kim Jong-un becomes the first North Korean leader to cross the line dividing the Koreas, ahead of a historic summit. https://t.co/TOLeNnsK3U",56
156,BBCWorld,Thu Apr 26 23:58:43 +0000 2018,-0.3321,0.0,0.792,0.208,Merkel visits Trump - so will she envy Macron's bromance? https://t.co/tAzIzMuX1R,57
157,BBCWorld,Thu Apr 26 23:52:39 +0000 2018,-0.4404,0.0,0.775,0.225,Patricia Fox: The elderly nun the Philippines plans to expel https://t.co/CLzsiHAie0,58
158,BBCWorld,Thu Apr 26 23:49:24 +0000 2018,0.0,0.0,1.0,0.0,Africa's week in pictures: 20-26 April 2018 https://t.co/quzzCg0194,59
159,BBCWorld,Thu Apr 26 23:46:39 +0000 2018,0.128,0.263,0.511,0.226,The community trying to unite rich and poor https://t.co/30rFX5Lb2B,60
160,BBCWorld,Thu Apr 26 23:43:29 +0000 2018,0.0,0.0,1.0,0.0,Cricket fans stump up cash for Iceland national team https://t.co/h4OD4Jdd0T,61
161,BBCWorld,Thu Apr 26 23:22:36 +0000 2018,0.34,0.286,0.714,0.0,How police line-ups jail the innocent https://t.co/Xv89689Rtx,62
162,BBCWorld,Thu Apr 26 23:19:50 +0000 2018,0.25,0.154,0.846,0.0,South Korea fishermen sail near the North and dream of unification https://t.co/TaxSdBrvtV,63
163,BBCWorld,Thu Apr 26 23:16:55 +0000 2018,-0.6249,0.0,0.579,0.421,Alberto Fujimori: Peru ex-president faces forced sterilisation charges https://t.co/eygciAcIQc,64
164,BBCWorld,Thu Apr 26 21:23:30 +0000 2018,0.0,0.0,1.0,0.0,Kim Jong-un to meet Moon Jae-in at Korean border for summit https://t.co/GdTo2OoSfH,65
165,BBCWorld,Thu Apr 26 21:03:08 +0000 2018,-0.7717,0.0,0.544,0.456,Spain 'wolf pack' case: Thousands protest over rape ruling https://t.co/prsg84Bg23,66
166,BBCWorld,Thu Apr 26 19:53:12 +0000 2018,-0.4215,0.0,0.877,0.123,"Lawyer for ex basketball player Andrea Constand pays tribute to her client, after Bill Cosby was found guilty of se‚Ä¶ https://t.co/EQJbIH8AWM",67
167,BBCWorld,Thu Apr 26 19:52:41 +0000 2018,0.0,0.0,1.0,0.0,"Double amputee crawls up Colorado's 2,700-step Manitou Incline https://t.co/6GJ8ULEtkv",68
168,BBCWorld,Thu Apr 26 19:50:19 +0000 2018,0.6597,0.474,0.526,0.0,How Israeli-Palestinian peace accord was prepared https://t.co/RK7NP2uVGh #CrossingDivides,69
169,BBCWorld,Thu Apr 26 19:33:15 +0000 2018,0.2235,0.09,0.91,0.0,"""Money and power or who you are will not stop us from... prosecuting a case"" - District Attorney Kevin Steele makes‚Ä¶ https://t.co/xWhONv4Rnd",70
170,BBCWorld,Thu Apr 26 18:59:53 +0000 2018,0.0,0.0,1.0,0.0,Gloria Allred on Bill Cosby: 'Finally women are believed' https://t.co/MJROJeIlxt,71
171,BBCWorld,Thu Apr 26 18:34:47 +0000 2018,-0.4767,0.0,0.763,0.237,Russia says its witnesses discredit alleged chemical attack in Syria https://t.co/cmMdFVtLf1,72
172,BBCWorld,Thu Apr 26 18:31:46 +0000 2018,-0.6486,0.0,0.677,0.323,Israel flash flood: Nine teenaged hikers dead in south https://t.co/vnxHqz3AZk,73
173,BBCWorld,Thu Apr 26 18:21:50 +0000 2018,0.2023,0.231,0.769,0.0,Flirting across the India-Pakistan border https://t.co/61q9LWu3UR #CrossingDivides,74
174,BBCWorld,Thu Apr 26 18:00:20 +0000 2018,-0.5859,0.0,0.612,0.388,Bill Cosby 'guilty' of sexual assault https://t.co/GUPben1CS8,75
175,BBCWorld,Thu Apr 26 17:51:17 +0000 2018,0.0,0.0,1.0,0.0,Trump lets off steam in TV interview https://t.co/DrcfZQTabH,76
176,BBCWorld,Thu Apr 26 17:36:05 +0000 2018,-0.5994,0.0,0.83,0.17,"RT @BBCNewsbeat: Avicii's family has released a new statement about his death, saying he ""could not go on any longer"" https://t.co/qQnRI0R3‚Ä¶",77
177,BBCWorld,Thu Apr 26 17:16:34 +0000 2018,0.0,0.0,1.0,0.0,EX-CIA chief Mike Pompeo confirmed as secretary of state https://t.co/CsGuLME5vK,78
178,BBCWorld,Thu Apr 26 17:15:44 +0000 2018,0.0,0.0,1.0,0.0,Can Nigeria's new tin mine heal ancient wounds? https://t.co/bx8pe87A6x #CrossingDivides,79
179,BBCWorld,Thu Apr 26 16:53:33 +0000 2018,0.0,0.0,1.0,0.0,Nestl√© withdraws 'degrading' wife-hunt ad campaign in Morocco https://t.co/baLF5Tplb4,80
180,BBCWorld,Thu Apr 26 16:32:44 +0000 2018,-0.5267,0.0,0.726,0.274,Revenge porn hub taken down by Dutch police raid https://t.co/pPKcRn6STV,81
181,BBCWorld,Thu Apr 26 16:13:22 +0000 2018,0.5423,0.28,0.72,0.0,RT @BBCNews: Two ex-child soldiers forge peace bonds https://t.co/KWNhYSwRfq #CrossingDivides,82
182,BBCWorld,Thu Apr 26 16:00:21 +0000 2018,0.0,0.0,1.0,0.0,"RT @BBCSport: Some female runners with high testosterone must race male athletes under new rules, unless they take medication for six month‚Ä¶",83
183,BBCWorld,Thu Apr 26 15:58:25 +0000 2018,0.4767,0.22,0.78,0.0,North and South Korea summit: The people Kim trusts the most https://t.co/25cMKqxa4q,84
184,BBCWorld,Thu Apr 26 15:29:14 +0000 2018,0.1926,0.129,0.774,0.098,"Where do you stand on gun control?

Could more guns make our streets safer?

Take part in our interactive conversat‚Ä¶ https://t.co/d22aQ8PYTQ",85
185,BBCWorld,Thu Apr 26 15:27:25 +0000 2018,-0.5423,0.0,0.64,0.36,Philippines protests as Kuwait expels envoy over maid 'rescues' https://t.co/38RIK8o1Kq,86
186,BBCWorld,Thu Apr 26 15:13:22 +0000 2018,0.2023,0.141,0.859,0.0,Brigitte Macron on life at the top as France's first lady https://t.co/Qc7To15K3i,87
187,BBCWorld,Thu Apr 26 14:40:42 +0000 2018,-0.5023,0.0,0.809,0.191,"RT @BBC_HaveYourSay: Loot boxes officially banned in Belgium üö´üéÅüáßüá™

Fifa 18, Overwatch and Counter-Strike all violating the law... but Star‚Ä¶",88
188,BBCWorld,Thu Apr 26 14:25:39 +0000 2018,-0.3612,0.0,0.783,0.217,"India state records 36,749 lightning strikes in 13 hours https://t.co/mIAxFXzFWx",89
189,BBCWorld,Thu Apr 26 14:21:59 +0000 2018,0.0,0.0,1.0,0.0,Athlete Semenya hit by testosterone rules https://t.co/dcgnoAb8ZX,90
190,BBCWorld,Thu Apr 26 14:05:53 +0000 2018,0.6705,0.44,0.56,0.0,Tokio boy band member apologises for kissing schoolgirl https://t.co/yuLuyKHQ4O,91
191,BBCWorld,Thu Apr 26 14:05:33 +0000 2018,0.7717,0.369,0.539,0.091,"Mia is Jewish. Aya is Arab. But thanks to a rare integrated school, they're good friends. https://t.co/s2MqrGJrBJ‚Ä¶ https://t.co/oJQsVGS47o",92
192,BBCWorld,Thu Apr 26 13:56:27 +0000 2018,-0.0927,0.102,0.738,0.161,"RT @BBC_HaveYourSay: Many refugees face problems of isolation, but things can be particularly challenging for those who are Deaf. #Crossing‚Ä¶",93
193,BBCWorld,Thu Apr 26 13:23:38 +0000 2018,0.34,0.098,0.902,0.0,"RT @BBCSport: Zlatan Ibrahimovic will not be coming out of retirement to play for Sweden at the 2018 World Cup in Russia.

üëâ https://t.co/t‚Ä¶",94
194,BBCWorld,Thu Apr 26 13:10:19 +0000 2018,0.0,0.0,1.0,0.0,Trump veterans nominee Ronny Jackson bows out amid allegations https://t.co/Xj1kdBD8ab,95
195,BBCWorld,Thu Apr 26 12:38:19 +0000 2018,-0.6486,0.0,0.583,0.417,Late author 'helped catch serial killer' https://t.co/YD7YiMPWNo,96
196,BBCWorld,Thu Apr 26 12:36:38 +0000 2018,0.0,0.0,1.0,0.0,"This mesmerising footage shows the lava lake overflowing in Hawaii's Kilauea volcano üåã

https://t.co/PTtfRq7ksg https://t.co/Xab60CNdTX",97
197,BBCWorld,Thu Apr 26 12:16:07 +0000 2018,0.0,0.0,1.0,0.0,'Real bodies' exhibition causes controversy in Australia https://t.co/HOSYGcC2gN,98
198,BBCWorld,Thu Apr 26 11:53:14 +0000 2018,-0.836,0.0,0.503,0.497,Pamplona 'wolf pack' gang jailed over rape in Spain https://t.co/KY9dQXFRI7,99
199,BBCWorld,Thu Apr 26 11:30:35 +0000 2018,0.0,0.0,1.0,0.0,Michael Cohen: Trump's lawyer to plead Fifth Amendment in Daniels case https://t.co/DgWUXNDQ4A,100
200,FoxNews,Sat Apr 28 06:07:00 +0000 2018,0.0,0.0,1.0,0.0,".@RCamposDuffy: ""Germany needs America more than we need them in trade."" https://t.co/jykRVEFHcv",1
201,FoxNews,Sat Apr 28 06:00:00 +0000 2018,0.0,0.0,1.0,0.0,".@NancyPelosi: ""I don't think we should be talking about impeachment."" https://t.co/II972YXNI7",2
202,FoxNews,Sat Apr 28 05:56:00 +0000 2018,0.6249,0.227,0.773,0.0,".@deneenborelli: ""I think it's great that @kanyewest is standing up for independent thought."" #Hannity https://t.co/FSg0CeTsJ0",3
203,FoxNews,Sat Apr 28 05:51:00 +0000 2018,-0.296,0.0,0.864,0.136,"President @realDonaldTrump: ""There was no collusion between the Trump campaign and the Russian people."" https://t.co/EkcXV3kHlL",4
204,FoxNews,Sat Apr 28 05:50:00 +0000 2018,0.3818,0.191,0.809,0.0,".@MorganOrtagus: ""@POTUS deserves a ton of credit for what happened today."" #Hannity https://t.co/dLp9SKFiZm",5
205,FoxNews,Sat Apr 28 05:48:00 +0000 2018,-0.7717,0.0,0.675,0.325,".@JudgeJeanine: ""The frenzy and the hysteria that we've been hearing about from the left criticizing Kanye is remin‚Ä¶ https://t.co/nNRhoe3VWT",6
206,FoxNews,Sat Apr 28 05:40:00 +0000 2018,-0.5106,0.0,0.602,0.398,".@JesseBWatters: ""McCabe's a liar. @Comey's a liar."" https://t.co/25qM66syan",7
207,FoxNews,Sat Apr 28 05:39:00 +0000 2018,-0.3597,0.0,0.878,0.122,".@RepMattGaetz: ""We have some Senate Republicans who are more worried about protecting Bob Mueller than they are ab‚Ä¶ https://t.co/qvgatVkaQH",8
208,FoxNews,Sat Apr 28 05:33:00 +0000 2018,0.0,0.0,1.0,0.0,Fox News Poll: WV GOP Senate primary. https://t.co/hnGd01noFJ,9
209,FoxNews,Sat Apr 28 05:26:00 +0000 2018,0.0,0.0,1.0,0.0,".@PastorDScott: ""@kanyewest is his own man, and he has a long relationship with @POTUS, and he's told himself, 'I'm‚Ä¶ https://t.co/QJ2BIKCBNQ",10
210,FoxNews,Sat Apr 28 05:14:00 +0000 2018,-0.4536,0.0,0.851,0.149,".@RepDesantis: ""It's really, really crazy to hear [@Comey] try to say that Republicans funded Christopher Steele an‚Ä¶ https://t.co/bfzc29My0A",11
211,FoxNews,Sat Apr 28 04:52:00 +0000 2018,0.0,0.0,1.0,0.0,"On @TheFive, @RealCandaceO slammed liberals for stifling independent thought. https://t.co/wZAWBIOAlW https://t.co/wQ5Ky5JNeD",12
212,FoxNews,Sat Apr 28 04:52:00 +0000 2018,0.0,0.0,1.0,0.0,U.S. stock market - this week. https://t.co/aYmPHshiDa,13
213,FoxNews,Sat Apr 28 04:48:00 +0000 2018,-0.7906,0.0,0.6,0.4,".@MZHemingway: ""After a year of rigorous investigation, there's no actual evidence of treasonous collusion between‚Ä¶ https://t.co/lMZKgc3i0U",14
214,FoxNews,Sat Apr 28 04:44:00 +0000 2018,-0.2006,0.0,0.893,0.107,".@DonBlankenship: ""This country needs be very tough on drugs, and that's what I'll be."" #TheStory‚Ä¶ https://t.co/jxcIvLeCXO",15
215,FoxNews,Sat Apr 28 04:38:00 +0000 2018,-0.8069,0.0,0.712,0.288,"President @realDonaldTrump: ""I'll be watching people that failed so badly over the last 25 years explaining to me h‚Ä¶ https://t.co/5AKmg6NTWH",16
216,FoxNews,Sat Apr 28 04:35:00 +0000 2018,0.0,0.0,1.0,0.0,".@charliekirk11: ""Why are black people voting for Democrats at a 95% clip? @TheDemocrats and their policies are the‚Ä¶ https://t.co/0uoBERsmvN",17
217,FoxNews,Sat Apr 28 04:30:00 +0000 2018,0.2732,0.13,0.87,0.0,".@SenatorTimScott: ""@chancetherapper said it well - because you're black does not mean you're a Democrat. Period."" https://t.co/52RTZLZj7z",18
218,FoxNews,Sat Apr 28 04:00:00 +0000 2018,0.4168,0.148,0.852,0.0,".@THEHermanCain: ""The American people - including some Democrats - are not stupid. We've had enough evidence come o‚Ä¶ https://t.co/0cYxTKm5bE",19
219,FoxNews,Sat Apr 28 03:54:00 +0000 2018,0.2732,0.13,0.87,0.0,".@SenatorTimScott: ""@chancetherapper said it well - because you're black does not mean you're a Democrat. Period."" https://t.co/g5n3TC3eLh",20
220,FoxNews,Sat Apr 28 03:43:00 +0000 2018,0.0,0.0,1.0,0.0,".@RealCandaceO: ""I knew that it was going to be @kanyewest to sort of break through this sort of matrix and group t‚Ä¶ https://t.co/qq4dV7vUBP",21
221,FoxNews,Sat Apr 28 03:36:00 +0000 2018,0.0,0.0,1.0,0.0,MAY 1st: The West Virginia GOP Senate Primary Debate moderated by @BretBaier and @marthamaccallum - Tune in at 6:30‚Ä¶ https://t.co/5wb0K3PVRg,22
222,FoxNews,Sat Apr 28 03:32:00 +0000 2018,0.2263,0.095,0.905,0.0,"Earlier tonight, @HillaryClinton called for the FEC to allow candidates to use campaign funds for childcare when th‚Ä¶ https://t.co/6hj8Wksi1z",23
223,FoxNews,Sat Apr 28 03:31:59 +0000 2018,0.4939,0.176,0.824,0.0,"On #IngrahamAngle, Andrew Stein decried what @TheDemocrats have become and praised the record of President‚Ä¶ https://t.co/q29YLtItrL",24
224,FoxNews,Sat Apr 28 03:22:57 +0000 2018,0.0,0.0,1.0,0.0,"On @foxandfriends, @SenatorTimScott seconded @chancetherapper's statement: ""Black people don‚Äôt have to be democrats‚Ä¶ https://t.co/4l05VOjav6",25
225,FoxNews,Sat Apr 28 03:19:34 +0000 2018,-0.2006,0.0,0.914,0.086,".@RichardGrenell: ""@POTUS really took time with the Chancellor... He can be very tough on the negotiation and he ca‚Ä¶ https://t.co/4OfJExX0OK",26
226,FoxNews,Sat Apr 28 03:15:25 +0000 2018,0.0,0.0,1.0,0.0,"Tom Brokaw drops out as college commencement speaker amid sexual misconduct claims, school says https://t.co/fT13Q1v2Ae",27
227,FoxNews,Sat Apr 28 03:11:40 +0000 2018,0.0,0.0,1.0,0.0,".@ShannonBream: ""You are openly gay and probably considered one of the highest-ranking members within the Trump Adm‚Ä¶ https://t.co/2EzUXsZ7tz",28
228,FoxNews,Sat Apr 28 03:09:36 +0000 2018,-0.2006,0.0,0.914,0.086,".@RichardGrenell: ""@POTUS really took time with the Chancellor... He can be very tough on the negotiation and he ca‚Ä¶ https://t.co/cAMU0GToNk",29
229,FoxNews,Sat Apr 28 03:07:26 +0000 2018,0.4927,0.197,0.803,0.0,".@RichardGrenell: ""[@realDonaldTrump's] a master negotiator. @POTUS is very good at what he does."" #FoxNewsatNight https://t.co/ECITiLOdYM",30
230,FoxNews,Sat Apr 28 03:06:15 +0000 2018,-0.1796,0.117,0.736,0.147,".@RichardGrenell: ""I'm very excited to be concerned... I've talked about the Russian threat in Eastern Europe for a‚Ä¶ https://t.co/ufPPoInGXl",31
231,FoxNews,Sat Apr 28 03:04:52 +0000 2018,-0.4215,0.124,0.619,0.257,"'Clear double standard': As @Comey denies illegally leaking memo, others prosecuted for mishandling classified mate‚Ä¶ https://t.co/3jFFUrWCee",32
232,FoxNews,Sat Apr 28 03:02:00 +0000 2018,0.872,0.452,0.548,0.0,".@grecianformula: After North Korea triumph Trump deserves the Nobel Peace Prize, not Obama https://t.co/STZpI9h7Yn https://t.co/BgoFEEcHYj",33
233,FoxNews,Sat Apr 28 03:01:08 +0000 2018,0.4404,0.244,0.756,0.0,".@hamzaskhan: ""@realDonaldTrump is benefiting from @BarackObama's good work."" #IngrahamAngle https://t.co/hlcA8VRTxX",34
234,FoxNews,Sat Apr 28 02:59:22 +0000 2018,0.6597,0.265,0.735,0.0,"Andrew Stein: ""The Democratic Party's become a far-left party, a one-drum party which is 'Resist Trump' - the fact‚Ä¶ https://t.co/cFQcH1J8uE",35
235,FoxNews,Sat Apr 28 02:55:07 +0000 2018,0.0,0.0,1.0,0.0,".@NancyPelosi: ""I don't think we should be talking about impeachment."" https://t.co/BgJOBwHrc0",36
236,FoxNews,Sat Apr 28 02:52:22 +0000 2018,0.6249,0.267,0.733,0.0,"Poll: If Democrats win the House in 2018, do you want them to impeach @POTUS? https://t.co/SAWijg4QfL",37
237,FoxNews,Sat Apr 28 02:50:14 +0000 2018,-0.875,0.0,0.583,0.417,.@newtgingrich: Alfie Evans is condemned to die at 23 months because of Britain's scary secular state https://t.co/6BYqa1ojuH,38
238,FoxNews,Sat Apr 28 02:50:00 +0000 2018,0.0,0.0,1.0,0.0,TUNE IN: Ambassador to Germany @RichardGrenell gives his first post-confirmation interview to @ShannonBream. Watch‚Ä¶ https://t.co/WZ83zNHRix,39
239,FoxNews,Sat Apr 28 02:43:39 +0000 2018,-0.4466,0.0,0.804,0.196,"Moments ago, President @realDonaldTrump once more asserted that there was ""NO COLLUSION."" https://t.co/5Le08vaWC3",40
240,FoxNews,Sat Apr 28 02:42:48 +0000 2018,-0.5859,0.124,0.56,0.316,'They Dragged Him in the Street &amp; Killed Him': @RepMattGaetz Claims 'Obstructionist' Congress has Lower Approval th‚Ä¶ https://t.co/0QwCexkS1z,41
241,FoxNews,Sat Apr 28 02:38:23 +0000 2018,0.4215,0.135,0.865,0.0,"""Basically all of Honduras then should be able to come to the United States?""

@IngrahamAngle goes one-on-one with‚Ä¶ https://t.co/qzYXi4Mmr8",42
242,FoxNews,Sat Apr 28 02:31:14 +0000 2018,-0.4215,0.124,0.619,0.257,"'Clear double standard': As Comey denies illegally leaking memo, others prosecuted for mishandling classified mater‚Ä¶ https://t.co/BWsJ0i9tDH",43
243,FoxNews,Sat Apr 28 02:24:25 +0000 2018,0.3182,0.161,0.839,0.0,New York firefighter vacationing in North Carolina rescues 3 girls  from rip current https://t.co/sWh7PuoC8a,44
244,FoxNews,Sat Apr 28 02:22:55 +0000 2018,-0.6486,0.0,0.71,0.29,Florida woman arrested after allegedly hiding plastic key in chicken sandwich on jail visit https://t.co/lMPgx7Wiiw,45
245,FoxNews,Sat Apr 28 02:10:59 +0000 2018,0.0,0.0,1.0,0.0,"President @realDonaldTrump said he gets ""a big, big kick"" out of establishment political actors telling him what to‚Ä¶ https://t.co/4HZKe8YXvl",46
246,FoxNews,Sat Apr 28 02:07:18 +0000 2018,0.5423,0.241,0.759,0.0,"Michael Pillsbury: ""Perhaps @POTUS has earned two Nobel Peace Prizes."" #IngrahamAngle https://t.co/Q7ehk5fkFl",47
247,FoxNews,Sat Apr 28 02:00:00 +0000 2018,0.0,0.0,1.0,0.0,"Moments ago on ""#Hannity,"" @JudgeJeanine gave her take on the uproar that has occurred on the left after Kanye West‚Ä¶ https://t.co/Rv3mMc2LNh",48
248,FoxNews,Sat Apr 28 01:59:00 +0000 2018,0.4767,0.154,0.846,0.0,"On @foxandfriends, @PastorDScott talked about how the Republicans can begin to make inroads in attracting more Afri‚Ä¶ https://t.co/Zv5V06R5xC",49
249,FoxNews,Sat Apr 28 01:53:00 +0000 2018,0.4215,0.183,0.817,0.0,".@RealCandaceO: ""To be a conservative means that you allow independent thinking. They do not allow that on the left‚Ä¶ https://t.co/uFCT3Y3FuX",50
250,FoxNews,Sat Apr 28 01:51:00 +0000 2018,0.3818,0.191,0.809,0.0,".@MorganOrtagus: ""@POTUS deserves a ton of credit for what happened today."" #Hannity https://t.co/61QK39In7N",51
251,FoxNews,Sat Apr 28 01:43:45 +0000 2018,-0.8069,0.0,0.712,0.288,"President @realDonaldTrump: ""I'll be watching people that failed so badly over the last 25 years explaining to me h‚Ä¶ https://t.co/aI0WLGiLuU",52
252,FoxNews,Sat Apr 28 01:40:02 +0000 2018,0.0,0.0,1.0,0.0,".@charliekirk11: ""Why are black people voting for Democrats at a 95% clip? @TheDemocrats and their policies are the‚Ä¶ https://t.co/5Y8W4qzccK",53
253,FoxNews,Sat Apr 28 01:36:09 +0000 2018,0.0,0.0,1.0,0.0,ICE Director on Caravan Arriving at Border: Congress Must Close 'Legislative Loopholes' Now https://t.co/utduiZ6SUE,54
254,FoxNews,Sat Apr 28 01:33:26 +0000 2018,-0.7717,0.0,0.675,0.325,".@JudgeJeanine: ""The frenzy and the hysteria that we've been hearing about from the left criticizing Kanye is remin‚Ä¶ https://t.co/6ohsBNtRvG",55
255,FoxNews,Sat Apr 28 01:31:16 +0000 2018,0.6249,0.227,0.773,0.0,".@deneenborelli: ""I think it's great that @kanyewest is standing up for independent thought."" #Hannity https://t.co/UG001r78dM",56
256,FoxNews,Sat Apr 28 01:27:50 +0000 2018,-0.3089,0.0,0.852,0.148,"On ""Hannity,"" @RepMattGaetz slammed Republican politicians who do not support President @realDonaldTrump's agenda. https://t.co/UxD0XX1isx",57
257,FoxNews,Sat Apr 28 01:26:47 +0000 2018,0.296,0.155,0.845,0.0,"On @TheFive, @RealCandaceO decried the Democratic Party's record on helping African Americans.‚Ä¶ https://t.co/C80IurXmw1",58
258,FoxNews,Sat Apr 28 01:25:46 +0000 2018,0.0,0.0,1.0,0.0,Central American migrants look at the U.S.-Mexico border. They are part of a 'caravan' that has been traveling thro‚Ä¶ https://t.co/F4NhAKHNz1,59
259,FoxNews,Sat Apr 28 01:24:47 +0000 2018,-0.0516,0.103,0.784,0.113,"'Take It to SCOTUS': @kimguilfoyle on President @realDonaldTrump Supporter Who Lost Suit Against Bar That Booted Him
https://t.co/AClIOJ7dKE",60
260,FoxNews,Sat Apr 28 01:16:59 +0000 2018,0.0,0.0,1.0,0.0,".@THEHermanCain: ""Memo to Senate - You are not President."" #Hannity https://t.co/8XaaY9UTWL",61
261,FoxNews,Sat Apr 28 01:14:42 +0000 2018,-0.3597,0.0,0.878,0.122,".@RepMattGaetz: ""We have some Senate Republicans who are more worried about protecting Bob Mueller than they are ab‚Ä¶ https://t.co/f9tRjFYVpQ",62
262,FoxNews,Sat Apr 28 01:12:06 +0000 2018,0.4168,0.148,0.852,0.0,".@THEHermanCain: ""The American people - including some Democrats - are not stupid. We've had enough evidence come o‚Ä¶ https://t.co/LiXPGgackb",63
263,FoxNews,Sat Apr 28 01:11:17 +0000 2018,0.7003,0.367,0.633,0.0,Former model 'eaten alive' while in care of Georgia nursing home https://t.co/7DzaQPGKsw,64
264,FoxNews,Sat Apr 28 01:11:08 +0000 2018,-0.4215,0.0,0.763,0.237,Award-winning wildlife photo disqualified because it features a 'stuffed anteater' https://t.co/M7abSEYsbQ,65
265,FoxNews,Sat Apr 28 01:08:21 +0000 2018,0.802,0.369,0.631,0.0,".@RepMattGaetz: ""This report is a decisive win for @POTUS... Russians had a greater involvement in the drafting of‚Ä¶ https://t.co/q1CKhpPG1b",66
266,FoxNews,Sat Apr 28 01:07:22 +0000 2018,-0.6369,0.0,0.574,0.426,".@THEHermanCain: ""[@Comey] lied and lied and lied."" #Hannity https://t.co/xOneDjON5j",67
267,FoxNews,Sat Apr 28 01:06:21 +0000 2018,-0.296,0.0,0.864,0.136,"President @realDonaldTrump: ""There was no collusion between the Trump campaign and the Russian people."" https://t.co/SBCZoVwAj0",68
268,FoxNews,Sat Apr 28 01:04:33 +0000 2018,0.0,0.0,1.0,0.0,Texas Dem group crops Melania out of viral presidents photo https://t.co/mchBWfJlch,69
269,FoxNews,Sat Apr 28 01:04:13 +0000 2018,-0.4215,0.0,0.703,0.297,"Stormy Daniels lawsuit against Trump, Michael Cohen, delayed by judge https://t.co/6R9l3WhJzB",70
270,FoxNews,Sat Apr 28 01:04:05 +0000 2018,0.6249,0.255,0.745,0.0,"Great white shark Hilton, 1,326-pound real life 'Jaws,' spotted off Gulf Coast https://t.co/mJY0gJJQrh",71
271,FoxNews,Sat Apr 28 01:03:49 +0000 2018,-0.5423,0.0,0.759,0.241,Florida dad outraged by sexually explicit question on teen's homework assignment https://t.co/mrlMGQVJg5,72
272,FoxNews,Sat Apr 28 01:03:43 +0000 2018,-0.4215,0.124,0.619,0.257,"'Clear double standard': As Comey denies illegally leaking memo, others prosecuted for mishandling classified mater‚Ä¶ https://t.co/0H7z9LZm3v",73
273,FoxNews,Sat Apr 28 00:58:47 +0000 2018,-0.1779,0.0,0.898,0.102,"'So, They Would Hide Treason?': @TuckerCarlson Debates Obama Campaign Staffer on GOP Covering up 'Collusion'
https://t.co/pmLqZpnGbq",74
274,FoxNews,Sat Apr 28 00:57:34 +0000 2018,0.0,0.0,1.0,0.0,NBC won't launch full investigation into Tom Brokaw allegations https://t.co/qwAk2G1IMR,75
275,FoxNews,Sat Apr 28 00:54:10 +0000 2018,0.8019,0.31,0.69,0.0,".@Enrique_Acevedo: ""You're not getting the criminals. You're getting the best of Mexico. The people who are wanting‚Ä¶ https://t.co/pDDstlTtXp",76
276,FoxNews,Sat Apr 28 00:45:21 +0000 2018,-0.5106,0.0,0.645,0.355,".@JesseBWatters: ""McCabe's a liar. @Comey's a liar."" #TheFive https://t.co/9GCEWPAbiy",77
277,FoxNews,Sat Apr 28 00:41:59 +0000 2018,0.7003,0.286,0.714,0.0,".@Varneyco on universal basic income: ""Thank goodness that this experiment is coming to an end... You want money, g‚Ä¶ https://t.co/JcRPkNlmyE",78
278,FoxNews,Sat Apr 28 00:39:57 +0000 2018,-0.875,0.0,0.583,0.417,.@newtgingrich: Alfie Evans is condemned to die at 23 months because of Britain's scary secular state https://t.co/6BYqa1ojuH,79
279,FoxNews,Sat Apr 28 00:39:48 +0000 2018,0.4404,0.139,0.861,0.0,"Deputy @ICEgov Dir. Tom Homan on caravan: ""If they're really seeking asylum, they just passed through a safe nation‚Ä¶ https://t.co/3ncqAvTBXM",80
280,FoxNews,Sat Apr 28 00:36:40 +0000 2018,-0.5423,0.0,0.837,0.163,".@TuckerCarlson on @NBC: ""Bc they traffic in the poison that is identity politics‚Äîwhich is a cul-de-sac &amp; will dest‚Ä¶ https://t.co/JZd7iPZfzG",81
281,FoxNews,Sat Apr 28 00:30:54 +0000 2018,0.0,0.0,1.0,0.0,.@WhiteHouse Photo of the Week: President @realDonaldTrump poses with children during Take Our Sons and Daughters t‚Ä¶ https://t.co/HMVrtkFr15,82
282,FoxNews,Sat Apr 28 00:24:08 +0000 2018,0.0,0.0,1.0,0.0,"Moments ago, The @WhiteHouse released its Photos of the Week. https://t.co/9Ip0mCCxAb",83
283,FoxNews,Sat Apr 28 00:22:03 +0000 2018,-0.4927,0.0,0.775,0.225,Wisconsin bar's name stirs controversy in #MeToo era: It's 'very irresponsible' https://t.co/ozItsKDk6c,84
284,FoxNews,Sat Apr 28 00:21:00 +0000 2018,-0.34,0.0,0.893,0.107,"Terry Turchie, former @FBI official: ""If you look at the Prairie Fire ideology written by Bill Ayers and several ot‚Ä¶ https://t.co/PYB38gW9fA",85
285,FoxNews,Sat Apr 28 00:20:00 +0000 2018,0.7089,0.257,0.743,0.0,".@KatiePavlich: ""To see the progress here, I think, is really inspiring and I think that @POTUS deserves a lot of c‚Ä¶ https://t.co/jxzqzBtdQB",86
286,FoxNews,Sat Apr 28 00:14:00 +0000 2018,-0.7906,0.0,0.6,0.4,".@MZHemingway: ""After a year of rigorous investigation, there's no actual evidence of treasonous collusion between‚Ä¶ https://t.co/DG4fKkAlgQ",87
287,FoxNews,Sat Apr 28 00:11:46 +0000 2018,0.5423,0.209,0.791,0.0,"Terry Turchie, former @FBI official: ""The Democratic Party is important. It's part of our two-party system. But it‚Ä¶ https://t.co/IsI1EzEXjq",88
288,FoxNews,Sat Apr 28 00:08:37 +0000 2018,0.296,0.165,0.728,0.107,".@TuckerCarlson: ""Investigators found no evidence of collusion or coordination of any kind between the Russian gove‚Ä¶ https://t.co/RgrLSjMV9X",89
289,FoxNews,Sat Apr 28 00:04:49 +0000 2018,0.0516,0.079,0.921,0.0,SPOTTED: A young giraffe made a break for it after escaping from an Indiana zoo. https://t.co/FdH7qV96nd https://t.co/dvU8O40VBG,90
290,FoxNews,Sat Apr 28 00:03:23 +0000 2018,0.7574,0.302,0.698,0.0,Too cute! Adorable little boy and his mom talk to @marthamaccallum about receiving prosthetic leg from‚Ä¶ https://t.co/7hkykHQZXj,91
291,FoxNews,Fri Apr 27 23:54:01 +0000 2018,0.0,0.0,1.0,0.0,TONIGHT: Ambassador to Germany @RichardGrenell gives his first post-confirmation interview to @ShannonBream. Tune i‚Ä¶ https://t.co/BU7VeB3WOU,92
292,FoxNews,Fri Apr 27 23:51:44 +0000 2018,0.0,0.0,1.0,0.0,".@PastorDScott: ""@kanyewest is his own man, and he has a long relationship with @POTUS, and he's told himself, 'I'm‚Ä¶ https://t.co/xDL4gOG29T",93
293,FoxNews,Fri Apr 27 23:44:00 +0000 2018,-0.4536,0.0,0.851,0.149,".@RepDesantis: ""It's really, really crazy to hear [@Comey] try to say that Republicans funded Christopher Steele an‚Ä¶ https://t.co/aH4RFFXq5z",94
294,FoxNews,Fri Apr 27 23:39:32 +0000 2018,-0.2006,0.0,0.893,0.107,".@DonBlankenship: ""This country needs be very tough on drugs, and that's what I'll be."" #TheStory‚Ä¶ https://t.co/v99Kslz0r6",95
295,FoxNews,Fri Apr 27 23:34:41 +0000 2018,0.1139,0.071,0.929,0.0,"West Virginia Senate primary heats up; @pdoocy reports. #TheStory

Don't miss the May 1st WV GOP Senate Primary Deb‚Ä¶ https://t.co/gy6i2wGUaS",96
296,FoxNews,Fri Apr 27 23:31:16 +0000 2018,0.0,0.0,1.0,0.0,MAY 1st: The West Virginia GOP Senate Primary Debate moderated by @BretBaier and @marthamaccallum - Tune in at 6:30‚Ä¶ https://t.co/9sAGDAlqk2,97
297,FoxNews,Fri Apr 27 23:28:33 +0000 2018,0.0,0.0,1.0,0.0,Fox News Poll: WV GOP Senate primary. https://t.co/M1dVMvKpHB,98
298,FoxNews,Fri Apr 27 23:25:32 +0000 2018,0.1027,0.069,0.931,0.0,"A father and his son await tutorship by immigration lawyers in Tijuana, Mexico, Friday, April 27, 2018. Close to to‚Ä¶ https://t.co/X9FCluO58B",99
299,FoxNews,Fri Apr 27 23:25:00 +0000 2018,0.0,0.0,1.0,0.0,"On @foxandfriends, @SenatorTimScott seconded @chancetherapper's statement: ""Black people don‚Äôt have to be democrats‚Ä¶ https://t.co/JHa5HXlbdB",100
300,CBSNews,Sat Apr 28 06:03:04 +0000 2018,-0.4767,0.0,0.829,0.171,"University of Utah ""Cry Closet"" lets students ""just let it all out"" during finals https://t.co/pfubUj389u https://t.co/2fhwai8kt7",1
301,CBSNews,Sat Apr 28 05:48:04 +0000 2018,-0.5574,0.0,0.816,0.184,"""She stepped into her coffin"": Family of woman who died after American Airlines flight sue https://t.co/VHPag236E4 https://t.co/CtDV4NQOme",2
302,CBSNews,Sat Apr 28 05:33:03 +0000 2018,0.4767,0.316,0.558,0.126,"""My fault yo"": Chance the Rapper apologizes for defending Kanye West's embrace of Trump https://t.co/xRKCE6yiB4 https://t.co/TjLBb2XBMp",3
303,CBSNews,Sat Apr 28 05:18:04 +0000 2018,-0.6705,0.0,0.727,0.273,Seven students killed in stabbing rampage at middle school in China https://t.co/COshause7Z https://t.co/5LcmW6OXZy,4
304,CBSNews,Sat Apr 28 05:03:04 +0000 2018,-0.296,0.0,0.864,0.136,"Woman discovers slain cop in her yard, realizes she helped raise fugitive suspect https://t.co/XIPSvLNkbv https://t.co/fybxDIZO4V",5
305,CBSNews,Sat Apr 28 04:48:04 +0000 2018,0.6908,0.363,0.637,0.0,Rallies for peace as Mexican rapper QBA admits dissolving bodies https://t.co/jtOT9AyAKo https://t.co/mvpw72IFLp,6
306,CBSNews,Sat Apr 28 04:46:05 +0000 2018,0.0,0.0,1.0,0.0,"Mongolia, Singapore are final two sites under consideration for Trump-Kim Jong Un meeting https://t.co/BVTCLNSepJ https://t.co/FXCSJUg3oC",7
307,CBSNews,Sat Apr 28 04:33:03 +0000 2018,-0.5423,0.0,0.759,0.241,"Amy Schumer says she was hospitalized with ""horrible kidney infection"" https://t.co/EAlnpCwynN https://t.co/pfFsYRUK9c",8
308,CBSNews,Sat Apr 28 04:18:04 +0000 2018,-0.7579,0.0,0.667,0.333,"Privacy concerns after public genealogy database used to ID ""Golden State Killer"" suspect https://t.co/2zeOfYnAGp https://t.co/Bc3dw11C7E",9
309,CBSNews,Sat Apr 28 04:03:03 +0000 2018,0.4404,0.244,0.756,0.0,New technology offers hope for people with tinnitus https://t.co/i5ZswEXDrQ https://t.co/azaMl2cwEZ,10
310,CBSNews,Sat Apr 28 03:48:05 +0000 2018,0.0,0.0,1.0,0.0,Video shows Georgia police slamming ex-NFL player to the ground https://t.co/oDE8Veh4cd https://t.co/V1kzNwlcmL,11
311,CBSNews,Sat Apr 28 03:40:06 +0000 2018,-0.5574,0.0,0.714,0.286,"Detroit police cracks down on citywide ""paintball wars"" https://t.co/GOXcMwWbsX https://t.co/6xekzHmBcQ",12
312,CBSNews,Sat Apr 28 03:33:03 +0000 2018,0.3818,0.191,0.809,0.0,"Pres. Trump deserves credit for North-South Korea summit, experts say https://t.co/WUZzNViTTv https://t.co/v9WWzpkzvd",13
313,CBSNews,Sat Apr 28 03:18:03 +0000 2018,-0.296,0.0,0.82,0.18,Texas couple accused of enslaving girl for 16 years https://t.co/xXAXHFp0kE https://t.co/vTKOLJbKOd,14
314,CBSNews,Sat Apr 28 03:03:03 +0000 2018,0.0,0.0,1.0,0.0,Evidence of world's biggest child sacrifice discovered https://t.co/T3AYw7cM5m https://t.co/O51irPZaaH,15
315,CBSNews,Sat Apr 28 03:00:21 +0000 2018,0.128,0.143,0.857,0.0,"Migrant ""caravan"" gets legal aid near U.S. border https://t.co/pUp30L3O0C https://t.co/7e38trDvlk",16
316,CBSNews,Sat Apr 28 02:40:01 +0000 2018,0.0,0.0,1.0,0.0,"Temple University, where Bill Cosby long served as a leading public face and key fundraiser, said it will rescind t‚Ä¶ https://t.co/zPkQdRRMJv",17
317,CBSNews,Sat Apr 28 02:20:40 +0000 2018,-0.1779,0.084,0.802,0.114,"Sex created the problem. Will robots will get us out of it? Stream the new CBSN Originals documentary, ‚ÄúReplacing H‚Ä¶ https://t.co/JK8I5Iwt2V",18
318,CBSNews,Sat Apr 28 02:00:02 +0000 2018,-0.0772,0.147,0.691,0.161,"Amy Schumer is recovering after being hospitalized with a ""horrible kidney infection,"" the ""I Feel Pretty"" actress‚Ä¶ https://t.co/vYxs42w3h8",19
319,CBSNews,Sat Apr 28 01:40:01 +0000 2018,0.6124,0.238,0.762,0.0,"National security experts, and even the South Korean foreign minister, credit Pres. Trump for bringing North Korea‚Ä¶ https://t.co/h00CSvfr2Z",20
320,CBSNews,Sat Apr 28 01:20:01 +0000 2018,0.0,0.0,1.0,0.0,Your insurance company likely knows a lot more about you than Facebook https://t.co/zujq1ltmj5 https://t.co/2NOzoz6vtJ,21
321,CBSNews,Sat Apr 28 01:00:02 +0000 2018,-0.0772,0.109,0.769,0.122,Can a discovery that has already restored sight in genetically blind mice do the same in humans? @60Minutes reports‚Ä¶ https://t.co/zidn5DuD1t,22
322,CBSNews,Sat Apr 28 00:40:01 +0000 2018,0.0,0.0,1.0,0.0,"Former NBC News anchor Tom Brokaw responds to sexual misconduct allegations: ""I was ambushed and then perp walked""‚Ä¶ https://t.co/xsXvGk3pm6",23
323,CBSNews,Sat Apr 28 00:20:00 +0000 2018,0.144,0.076,0.924,0.0,"In the world of minor league baseball, where most young fans want to meet a player, this 10-year-old stands alone:‚Ä¶ https://t.co/OXZyrEevT8",24
324,CBSNews,Sat Apr 28 00:00:02 +0000 2018,-0.8271,0.0,0.633,0.367,Residents of a Vermont town are angry and fearful after a teen accused of a school shooting plot is released‚Ä¶ https://t.co/D8TUVhaeNc,25
325,CBSNews,Fri Apr 27 23:40:22 +0000 2018,0.0,0.0,1.0,0.0,"When humans started disappearing, Japan started building ‚Äúsomething better.‚Äù Stream the new CBSN Originals document‚Ä¶ https://t.co/3PcnLijzg2",26
326,CBSNews,Fri Apr 27 23:20:01 +0000 2018,-0.4588,0.0,0.88,0.12,"Father Pat Conroy says he was forced out as House chaplain by Speaker Paul Ryan -- now, members of Congress are dem‚Ä¶ https://t.co/7ZBgDV0QRP",27
327,CBSNews,Fri Apr 27 23:00:02 +0000 2018,-0.2263,0.0,0.899,0.101,"Judge delays lawsuit by adult film actress Stormy Daniels against President Trump and his personal attorney, Michae‚Ä¶ https://t.co/s0VfvZ5jYN",28
328,CBSNews,Fri Apr 27 23:00:02 +0000 2018,-0.4215,0.081,0.699,0.221,"RT @CBSEveningNews: Baseball umpires have the toughest job in the game, making tough calls and creating enemies by the inning
 
But for thi‚Ä¶",29
329,CBSNews,Fri Apr 27 22:54:27 +0000 2018,-0.5859,0.0,0.78,0.22,"RT @CBSEveningNews: Joseph James DeAngelo, the ex-police officer suspected of being the notorious ""Golden State Killer,"" appeared in court‚Ä¶",30
330,CBSNews,Fri Apr 27 22:48:00 +0000 2018,-0.296,0.0,0.901,0.099,RT @CBSEveningNews: A Vermont teen accused of plotting a shooting with mass casualties at his former high school was released into the cust‚Ä¶,31
331,CBSNews,Fri Apr 27 22:47:31 +0000 2018,-0.6369,0.0,0.785,0.215,"RT @CBSEveningNews: Paul Ryan has forced out House chaplain, Rev. Patrick Conroy

Conroy's resignation letter said he was offering to step‚Ä¶",32
332,CBSNews,Fri Apr 27 22:47:30 +0000 2018,0.4767,0.14,0.86,0.0,RT @CBSEveningNews: Republicans on the House Intelligence Committee released their report on Russian meddling in the 2016 election &amp; found‚Ä¶,33
333,CBSNews,Fri Apr 27 22:47:01 +0000 2018,-0.2732,0.101,0.758,0.141,"RT @CBSEveningNews: A woman who worked as a war correspondent for NBC News said Tom Brokaw groped her, twice tried to forcibly kiss her
 
B‚Ä¶",34
334,CBSNews,Fri Apr 27 22:38:31 +0000 2018,-0.6249,0.0,0.83,0.17,"RT @CBSEveningNews: The nationwide ""E coli"" outbreak from contaminated romaine lettuce is now the worst multi-state outbreak in more than a‚Ä¶",35
335,CBSNews,Fri Apr 27 22:35:00 +0000 2018,-0.2083,0.186,0.655,0.16,"RT @CBSEveningNews: Pres. Trump hailed an agreement btwn N.&amp; S. Korean leaders in their historic summit, tweeting ""KOREAN WAR TO END!""
 
Bu‚Ä¶",36
336,CBSNews,Fri Apr 27 22:31:00 +0000 2018,0.4404,0.112,0.888,0.0,"RT @CBSEveningNews: We‚Äôre on the air in the East. @JeffGlor is live from Studio 57 in NYC
Thanks for being with us #OriginalReporting #CBSE‚Ä¶",37
337,CBSNews,Fri Apr 27 22:20:01 +0000 2018,0.4767,0.316,0.558,0.126,"""My fault yo"": Chance the Rapper apologizes for defending Kanye West's embrace of Pres. Trump‚Ä¶ https://t.co/Dy5OLuqT8N",38
338,CBSNews,Fri Apr 27 22:00:02 +0000 2018,-0.6808,0.0,0.741,0.259,"Rep. Patrick Meehan (R-PA), who used taxpayer money to settle a former aide's sexual harassment charges, abruptly r‚Ä¶ https://t.co/S2YmLb2tuf",39
339,CBSNews,Fri Apr 27 21:40:01 +0000 2018,0.0,0.0,1.0,0.0,"Speaking hours after inter-Korean summit, Sec. of State Mike Pompeo says Kim Jong Un is ""serious"" about denucleariz‚Ä¶ https://t.co/4zB8BOVQDf",40
340,CBSNews,Fri Apr 27 21:25:02 +0000 2018,0.0,0.0,1.0,0.0,Judge orders Bill Cosby to remain in his suburban Philadelphia home and be fitted with a GPS monitor‚Ä¶ https://t.co/cFzBwysOQp,41
341,CBSNews,Fri Apr 27 21:02:01 +0000 2018,0.0,0.0,1.0,0.0,"Gina Haspel, President Trump's nominee for CIA director, told senators that the CIA would ""never restart"" interroga‚Ä¶ https://t.co/ubXefvgTSL",42
342,CBSNews,Fri Apr 27 20:52:43 +0000 2018,-0.7351,0.0,0.721,0.279,"NOW: Suspected ""Golden State Killer"" arraigned in Sacramento, California; police say Joseph James DeAngelo is the s‚Ä¶ https://t.co/uEnNM9kqWD",43
343,CBSNews,Fri Apr 27 20:40:01 +0000 2018,0.0,0.0,1.0,0.0,Russian lawyer who met with Donald Trump Jr. in 2016 says she is an informant to the Russian attorney general‚Ä¶ https://t.co/Zj0Txplmgk,44
344,CBSNews,Fri Apr 27 20:20:01 +0000 2018,0.0,0.0,1.0,0.0,Wynn Resorts is proposing renaming its Massachusetts casino set to open next year https://t.co/O0X1rotAg2 https://t.co/ulr3nW9SAa,45
345,CBSNews,Fri Apr 27 20:03:01 +0000 2018,0.0,0.0,1.0,0.0,"Hundreds of Palestinians converge on the Gaza Strip's border fence with Israel, trying to rip through it before dra‚Ä¶ https://t.co/5QRSnHeOLU",46
346,CBSNews,Fri Apr 27 19:34:31 +0000 2018,-0.6249,0.0,0.806,0.194,Current E. coli outbreak tied to romaine lettuce is the worst multi-state outbreak in more than a decade‚Ä¶ https://t.co/BT7pQGp6qi,47
347,CBSNews,Fri Apr 27 19:11:36 +0000 2018,0.0,0.0,1.0,0.0,Tom Brokaw withdraws as university commencement speaker after former NBC News correspondent alleges sexual harassme‚Ä¶ https://t.co/qwmWMtDd8x,48
348,CBSNews,Fri Apr 27 18:52:06 +0000 2018,0.7579,0.349,0.651,0.0,"CBS News senior national security contributor Michael Morell: ""It's true there's been a huge distance between Presi‚Ä¶ https://t.co/PKrUymjAdw",49
349,CBSNews,Fri Apr 27 18:32:46 +0000 2018,0.5574,0.167,0.833,0.0,"""He's an American hero, and I think he's been treated very unfairly,"" Pres. Trump says of allegations against Adm.‚Ä¶ https://t.co/9KUgQUzOWS",50
350,CBSNews,Fri Apr 27 18:31:38 +0000 2018,0.4215,0.175,0.726,0.098,"""These were false accusations about a great man,"" Pres. Trump says of Adm. Ronny Jackson, who withdrew from conside‚Ä¶ https://t.co/Ii7NC88KlF",51
351,CBSNews,Fri Apr 27 18:25:11 +0000 2018,0.5423,0.149,0.851,0.0,"Pres. Trump on potential of peace between North and South Korea: ""I think I have a responsibility to see if I can d‚Ä¶ https://t.co/a9UZl5A4XJ",52
352,CBSNews,Fri Apr 27 18:22:38 +0000 2018,0.0,0.0,1.0,0.0,"Pres. Trump on North Korea: ""Things have changed very radically from a few months ago. You know, the name calling a‚Ä¶ https://t.co/K4DDLfIr1C",53
353,CBSNews,Fri Apr 27 18:17:14 +0000 2018,0.0,0.0,1.0,0.0,"German Chancellor Angela Merkel: ""We are of the opinion that the [Iran nuclear deal] is a first step that has contr‚Ä¶ https://t.co/R5DTHyTAu0",54
354,CBSNews,Fri Apr 27 18:10:19 +0000 2018,-0.3818,0.101,0.736,0.163,"""We must ensure that this murderous regime does not even get close to a nuclear weapon,"" Pres. Trump says of Iran,‚Ä¶ https://t.co/lWz9ASGBmC",55
355,CBSNews,Fri Apr 27 18:07:54 +0000 2018,0.0,0.0,1.0,0.0,"Pres. Trump says he is ""encouraged"" by historic meeting between Kim Jong Un and South Korean Pres. Moon Jae-in‚Ä¶ https://t.co/HWlHlnZkLF",56
356,CBSNews,Fri Apr 27 18:05:48 +0000 2018,0.0,0.0,1.0,0.0,"NOW: Pres. Trump, German Chancellor Angela Merkel hold joint press conference at the White House‚Ä¶ https://t.co/Php6qHg4Ju",57
357,CBSNews,Fri Apr 27 17:52:37 +0000 2018,-0.6597,0.0,0.769,0.231,Lawmakers exiting a GOP meeting say Speaker Paul Ryan told them the House chaplain was forced to resign after lawma‚Ä¶ https://t.co/Ioz22pgtfu,58
358,CBSNews,Fri Apr 27 17:35:01 +0000 2018,-0.0387,0.156,0.678,0.166,"""Avengers: Infinity War"" receives mostly positive, but also tepid reviews https://t.co/uzHVJuMAjf https://t.co/i68HJpFgSf",59
359,CBSNews,Fri Apr 27 17:20:01 +0000 2018,0.6908,0.231,0.769,0.0,Thousands are taking to the streets in Mexico to rally for peace as rapper QBA admits he dissolved 3 students' bodi‚Ä¶ https://t.co/Y8rrbGgMZt,60
360,CBSNews,Fri Apr 27 17:10:02 +0000 2018,0.5106,0.281,0.719,0.0,Judge dismisses Paul Manafort's civil suit challenging special counsel Robert Mueller's authority‚Ä¶ https://t.co/2IWcglexyw,61
361,CBSNews,Fri Apr 27 17:05:01 +0000 2018,-0.6705,0.0,0.743,0.257,"7 students killed in a stabbing rampage at a middle school in China's northwest, authorities say‚Ä¶ https://t.co/iTHmYSVgsc",62
362,CBSNews,Fri Apr 27 16:50:02 +0000 2018,0.659,0.196,0.804,0.0,"""We have a really great relationship,"" President Trump says of German Chancellor Angela Merkel as they meet in the‚Ä¶ https://t.co/jirHkI8obA",63
363,CBSNews,Fri Apr 27 16:44:35 +0000 2018,-0.1027,0.0,0.935,0.065,"Hard numbers:
17: S. Korea officials believe country is targeted by 1.5M N. Korea hacking attempts per day -- about‚Ä¶ https://t.co/mPqIbMZ3CY",64
364,CBSNews,Fri Apr 27 16:38:39 +0000 2018,0.0,0.0,1.0,0.0,North Korean leader Kim Jong Un and South Korean President Moon Jae-in held a monumental summit in the Demilitarize‚Ä¶ https://t.co/Eg2pSQ5GSb,65
365,CBSNews,Fri Apr 27 16:35:01 +0000 2018,-0.25,0.117,0.714,0.168,"""Truth prevails"": Andrea Constand, the woman Bill Cosby was convicted of sexually assaulting, hails verdict‚Ä¶ https://t.co/4sj3rOpmOE",66
366,CBSNews,Fri Apr 27 16:22:02 +0000 2018,-0.8519,0.0,0.617,0.383,The family of a South Carolina woman who died after suffering a medical emergency during an American Airlines fligh‚Ä¶ https://t.co/GL5sf4APcV,67
367,CBSNews,Fri Apr 27 16:20:21 +0000 2018,-0.1803,0.129,0.717,0.154,"""I don't think he is playing, no. I don't think he is playing. It has never gone like this. It has never gone this‚Ä¶ https://t.co/6TBF3fKDgo",68
368,CBSNews,Fri Apr 27 16:17:58 +0000 2018,-0.1027,0.101,0.784,0.116,"""We have it broken down to probably two sites now -- two or three sites, locations. And hopefully, we are going to‚Ä¶ https://t.co/nlWBhoUfWg",69
369,CBSNews,Fri Apr 27 16:16:04 +0000 2018,0.8942,0.374,0.626,0.0,"""I was very honored by the report. It was totally conclusive. Strong. Powerful. Many things said that nobody knew a‚Ä¶ https://t.co/6LSRiyGSJx",70
370,CBSNews,Fri Apr 27 16:13:02 +0000 2018,0.0,0.0,1.0,0.0,MOMENTS AGO: President Trump meets with German Chancellor Angela Merkel in the Oval Office https://t.co/izRLoAHP70 https://t.co/qv6Pow0Ecf,71
371,CBSNews,Fri Apr 27 16:02:12 +0000 2018,0.4019,0.162,0.838,0.0,MOMENTS AGO: President Trump welcomes German Chancellor Angela Merkel to the White House https://t.co/GEoXtw1Cu6 https://t.co/wZ80jMYSEe,72
372,CBSNews,Fri Apr 27 15:45:02 +0000 2018,0.0,0.0,1.0,0.0,"Archaeologists in Peru have found evidence of the biggest-ever sacrifice of children, uncovering the remains of mor‚Ä¶ https://t.co/6yKP4qwCCt",73
373,CBSNews,Fri Apr 27 15:30:02 +0000 2018,-0.6486,0.0,0.751,0.249,"Three people are dead after a medical helicopter crashed in northern Wisconsin, authorities say‚Ä¶ https://t.co/sEnEyz6YIU",74
374,CBSNews,Fri Apr 27 15:09:06 +0000 2018,0.0,0.0,1.0,0.0,Team USA gives President Trump two flags signed by the team's delegation https://t.co/R0rBHAjqhA https://t.co/bya78a8ogp,75
375,CBSNews,Fri Apr 27 15:01:32 +0000 2018,0.7783,0.264,0.736,0.0,"WATCH: President Trump calls up Team USA's Red Gerard, who won a gold medal in men's snowboard slopestyle at the 20‚Ä¶ https://t.co/XJYDk78bFt",76
376,CBSNews,Fri Apr 27 14:57:31 +0000 2018,0.4939,0.154,0.846,0.0,"""I want to express my hope that all of the people of Korea -- North Korea and South -- can someday live in harmony,‚Ä¶ https://t.co/X83cLiQOLU",77
377,CBSNews,Fri Apr 27 14:55:02 +0000 2018,-0.1779,0.106,0.754,0.141,"Colorado teachers are protesting this week for higher salaries and increased money for schools, prompting questions‚Ä¶ https://t.co/Xxpp7wYWiB",78
378,CBSNews,Fri Apr 27 14:54:47 +0000 2018,0.4019,0.162,0.838,0.0,WATCH LIVE: President Trump welcomes members of Team USA to the White House https://t.co/BEGO0Bgud4 https://t.co/afdpnbAmUL,79
379,CBSNews,Fri Apr 27 14:35:24 +0000 2018,0.0,0.0,1.0,0.0,"Running of the guards? As North Korean leader Kim Jong Un's limo left the historic summit with South Korea, 12 of h‚Ä¶ https://t.co/o6FZUXdT7j",80
380,CBSNews,Fri Apr 27 14:25:01 +0000 2018,0.4767,0.162,0.838,0.0,"NEW: House Intelligence Committee releases 253-page, heavily redacted report on its probe into Russian election int‚Ä¶ https://t.co/1bb9QkejUK",81
381,CBSNews,Fri Apr 27 14:10:02 +0000 2018,-0.1779,0.0,0.922,0.078,"Attorney Gloria Allred, who represents 33 of the more than 60 women who are accusing Bill Cosby of sexual assault,‚Ä¶ https://t.co/MXzg1CHEMe",82
382,CBSNews,Fri Apr 27 14:00:22 +0000 2018,-0.1027,0.0,0.94,0.06,"When the two Korean leaders shook hands Friday, Kim Jong Un wasn't the only one to make history by crossing the bor‚Ä¶ https://t.co/XESB43o5JW",83
383,CBSNews,Fri Apr 27 13:45:02 +0000 2018,-0.3182,0.0,0.867,0.133,"House chaplain Rev. Patrick Conroy resigns, saying it's at House Speaker Paul Ryan's request https://t.co/ySYNvkUzCE https://t.co/syIT1hwi1S",84
384,CBSNews,Fri Apr 27 13:30:02 +0000 2018,0.0,0.0,1.0,0.0,"In Montana, it's President Trump vs. Sen. Jon Tester: https://t.co/8aYIRNOqix https://t.co/Rsb7HnHhw8",85
385,CBSNews,Fri Apr 27 13:15:01 +0000 2018,-0.3595,0.0,0.889,0.111,Mamma Mia! Legendary Swedish pop group ABBA announces it is releasing new music for the first time in 35 years:‚Ä¶ https://t.co/4NOMPPDuJi,86
386,CBSNews,Fri Apr 27 13:01:01 +0000 2018,-0.7118,0.0,0.691,0.309,"After historic meeting, President Trump declares: ""KOREAN WAR TO END!"" https://t.co/5SsUiTmfUk https://t.co/zbuyAjBPSs",87
387,CBSNews,Fri Apr 27 12:48:28 +0000 2018,0.4588,0.208,0.792,0.0,"RT @CBSThisMorning: .@JodiKantor on Bill Cosby verdict: ""I think part of what was both emotional and significant about yesterday is that so‚Ä¶",88
388,CBSNews,Fri Apr 27 12:45:59 +0000 2018,0.2732,0.11,0.89,0.0,"The U.S. economy grew 2.3% in the first quarter, surprising economists who'd predicted a slowdown after a blowout h‚Ä¶ https://t.co/5GG6jBEoxG",89
389,CBSNews,Fri Apr 27 12:36:17 +0000 2018,-0.802,0.0,0.69,0.31,Bill Cosby's criminal conviction reflects a dramatic shift in society's view of sexual assault. Many of his accuser‚Ä¶ https://t.co/Qu0LfseMP3,90
390,CBSNews,Fri Apr 27 12:28:18 +0000 2018,0.34,0.107,0.893,0.0,WATCH: President Trump welcomed children of the White House press corps to the Oval Office on Thursday as a part of‚Ä¶ https://t.co/EpjzBwKJsI,91
391,CBSNews,Fri Apr 27 12:20:04 +0000 2018,-0.5719,0.0,0.783,0.217,New information shows how  police used genealogy websites to identify the man charged with being the notorious Gold‚Ä¶ https://t.co/fYQ1t9r1AH,92
392,CBSNews,Fri Apr 27 12:20:01 +0000 2018,-0.6124,0.0,0.773,0.227,NYPD arrested a man who is suspected of allegedly punching and pushing a man onto the tracks in what investigators‚Ä¶ https://t.co/FbCcgSbaPx,93
393,CBSNews,Fri Apr 27 12:08:41 +0000 2018,0.4939,0.144,0.856,0.0,President Trump is hailing an agreement between the leaders of North and South Korea in their historic summit. The‚Ä¶ https://t.co/77VWXbNt7p,94
394,CBSNews,Fri Apr 27 11:50:01 +0000 2018,-0.3612,0.0,0.884,0.116,"Severed heads have been discovered in the last month near lakes in Texas and Louisiana, and investigators are tryin‚Ä¶ https://t.co/X0ySa6xrwN",95
395,CBSNews,Fri Apr 27 11:48:01 +0000 2018,0.0,0.0,1.0,0.0,"RT @CBSThisMorning: ‚û°Ô∏è The new Secretary of State, Mike Pompeo, is meeting with NATO officials in Brussels.

‚û°Ô∏è Many schools in Arizona and‚Ä¶",96
396,CBSNews,Fri Apr 27 11:46:05 +0000 2018,-0.3182,0.0,0.874,0.126,Tom Brokaw faces accusations of sexual misconduct. Former NBC News correspondent Linda Vester tells the Washington‚Ä¶ https://t.co/oelTKxS14r,97
397,CBSNews,Fri Apr 27 11:39:33 +0000 2018,0.0,0.0,1.0,0.0,"How much of an impact did the #MeToo movement have on the Bill Cosby case?

‚ÄúWomen are now being believed in greate‚Ä¶ https://t.co/TQJiaEsnad",98
398,CBSNews,Fri Apr 27 11:35:56 +0000 2018,-0.6705,0.0,0.756,0.244,More than 60 women have accused Bill Cosby of drugging and sexual assaulting them. Attorney Gloria Allred represent‚Ä¶ https://t.co/SVxCYxIUxx,99
399,CBSNews,Fri Apr 27 11:30:02 +0000 2018,0.2732,0.08,0.92,0.0,"North Korea's Kim Jong Un says what the two leaders agreed to on Friday was just the tip of the iceberg, and he sai‚Ä¶ https://t.co/rpacPAmkWK",100
400,nytimes,Sat Apr 28 06:06:01 +0000 2018,0.6705,0.2,0.8,0.0,"Abba: ‚ÄúWe all felt that, after some 35 years, it could be fun to join forces again and go into the recording studio"" https://t.co/OCUmb9DQuf",1
401,nytimes,Sat Apr 28 05:49:14 +0000 2018,0.5574,0.18,0.82,0.0,"""The 'Mona Lisa' has, to all meaningful intents and purposes, ceased to exist as an original work of art. It has be‚Ä¶ https://t.co/wf72DEdIVh",2
402,nytimes,Sat Apr 28 05:32:02 +0000 2018,0.0,0.0,1.0,0.0,"RT @DanBilefsky: During an 8-hour interview with all the drama of one of his films, the prolific Canadian film director @XDolan told me abo‚Ä¶",3
403,nytimes,Sat Apr 28 05:15:51 +0000 2018,-0.7184,0.0,0.727,0.273,"Archaeologists in Sweden found victims of a 5th-century massacre where attackers used swords, axes and clubs to but‚Ä¶ https://t.co/nII6B4wgTp",4
404,nytimes,Sat Apr 28 04:58:56 +0000 2018,0.1779,0.091,0.909,0.0,"Amazon said it was raising the price of its Prime membership service 20%, to $119 from $99 https://t.co/yYcCvLOoA0",5
405,nytimes,Sat Apr 28 04:42:03 +0000 2018,-0.8402,0.0,0.704,0.296,"RT @nytpolitics: The parents of Otto Warmbier have sued North Korea, alleging that it kidnapped, tortured and murdered their son https://t.‚Ä¶",6
406,nytimes,Sat Apr 28 04:21:02 +0000 2018,0.0,0.0,1.0,0.0,"This fungus can respond to wind and touch, grow toward light and detect and navigate around objects placed above it‚Ä¶ https://t.co/UvcVZWzYEV",7
407,nytimes,Sat Apr 28 04:02:03 +0000 2018,0.8979,0.377,0.623,0.0,"A film about 2 girls in love, the first Kenyan film ever nominated for an award at Cannes Film Festival, is banned‚Ä¶ https://t.co/hw7HeR7ntH",8
408,nytimes,Sat Apr 28 03:47:03 +0000 2018,-0.8689,0.0,0.647,0.353,"RT @nytimesbusiness: Describing himself as ""angry, hurt and unmoored,"" Tom Brokaw denied an allegation that he harassed a former NBC News c‚Ä¶",9
409,nytimes,Sat Apr 28 03:32:01 +0000 2018,0.4215,0.237,0.763,0.0,"""Have you met James? James saved a lot of lives."" https://t.co/llXGAsenX6",10
410,nytimes,Sat Apr 28 03:17:03 +0000 2018,0.6697,0.18,0.82,0.0,RT @jakesNYT: Is Mr. Kim is really ready to make a deal? Or is he is betting - as most experts think - he can get help to normalize DPRK‚Äôs‚Ä¶,11
411,nytimes,Sat Apr 28 03:02:05 +0000 2018,-0.4215,0.0,0.743,0.257,"Stormy Daniels lawsuit delayed as judge cites ""likely"" indictment of Michael Cohen https://t.co/vJShJ6Tf2Y",12
412,nytimes,Sat Apr 28 02:47:06 +0000 2018,0.6705,0.2,0.8,0.0,"Abba: ‚ÄúWe all felt that, after some 35 years, it could be fun to join forces again and go into the recording studio"" https://t.co/GMZD2K8oQ6",13
413,nytimes,Sat Apr 28 02:32:07 +0000 2018,0.0,0.0,1.0,0.0,"""I am a lawyer, and I am an informant,"" said Natalia Veselnitskaya, the Russian lawyer who met with Trump campaign‚Ä¶ https://t.co/3gLNX4jjcw",14
414,nytimes,Sat Apr 28 02:17:02 +0000 2018,-0.7783,0.0,0.736,0.264,"RT @NYTNational: Brittany Oswell suffered a pulmonary embolism on an American Airlines flight from Hawaii. She later died, and her family h‚Ä¶",15
415,nytimes,Sat Apr 28 02:02:03 +0000 2018,0.0,0.0,1.0,0.0,Speaker Paul Ryan‚Äôs decision to dismiss the House chaplain has caused a firestorm on Capitol Hill https://t.co/XNEZDvfWed,16
416,nytimes,Sat Apr 28 01:47:05 +0000 2018,0.0,0.0,1.0,0.0,"5 takeaways from the House report on Russian election meddling
https://t.co/z5TKigmkAS",17
417,nytimes,Sat Apr 28 01:32:07 +0000 2018,-0.5423,0.075,0.747,0.178,Should genealogy databases be used to solve crimes? The Golden State Killer case has set off a debate over privacy‚Ä¶ https://t.co/nGQFL8EJBs,18
418,nytimes,Sat Apr 28 01:17:04 +0000 2018,-0.8074,0.0,0.644,0.356,"RT @bankonjustin: For decades, the chilling Golden State Killer attacks hung over California communities. 

@MitchKSmith and I took a look‚Ä¶",19
419,nytimes,Sat Apr 28 01:02:07 +0000 2018,0.0,0.0,1.0,0.0,Evening Briefing: Here's what you need to know at the end of the day https://t.co/ztidViKti8,20
420,nytimes,Sat Apr 28 00:47:05 +0000 2018,0.5574,0.18,0.82,0.0,"""The 'Mona Lisa' has, to all meaningful intents and purposes, ceased to exist as an original work of art. It has be‚Ä¶ https://t.co/q59O4gyp57",21
421,nytimes,Sat Apr 28 00:32:04 +0000 2018,0.2732,0.183,0.731,0.087,A federal judge dismissed a lawsuit filed by Paul Manafort that tried to narrow the authority of the special counsel https://t.co/JKoCFjD1wl,22
422,nytimes,Sat Apr 28 00:17:03 +0000 2018,0.25,0.071,0.929,0.0,RT @nytopinion: It‚Äôs even less likely that North Korea will give up its arsenal now that it sees Trump poised to tear up the Iran nuclear d‚Ä¶,23
423,nytimes,Sat Apr 28 00:02:01 +0000 2018,0.3818,0.106,0.894,0.0,‚ÄúIt‚Äôs clear that we‚Äôre going to have to remove carbon dioxide from the atmosphere. And we‚Äôre going to have to do it‚Ä¶ https://t.co/EaSgEUkIWb,24
424,nytimes,Fri Apr 27 23:47:04 +0000 2018,0.0,0.0,1.0,0.0,Follow our live updates from the second night of the NFL draft https://t.co/BXyQCQfQxw,25
425,nytimes,Fri Apr 27 23:32:04 +0000 2018,-0.8126,0.0,0.549,0.451,The Golden State Killer investigation relied on a fake DNA profile https://t.co/tloTpJS34Y,26
426,nytimes,Fri Apr 27 23:17:04 +0000 2018,0.0,0.0,1.0,0.0,"RT @PamelaPaulNYT: Whiz! Bam! Boom! The New York Times Book Review debuts Graphic Content, our new column on graphic novels and comics: htt‚Ä¶",27
427,nytimes,Fri Apr 27 23:02:04 +0000 2018,-0.3182,0.074,0.788,0.138,An EPA proposal to dramatically weaken car-emission standards could set up a legal clash with California. Here are‚Ä¶ https://t.co/btSxayZncO,28
428,nytimes,Fri Apr 27 22:47:03 +0000 2018,0.0,0.0,1.0,0.0,Evening Briefing: Here's what you need to know at the end of the day https://t.co/hLZPorp8G9,29
429,nytimes,Fri Apr 27 22:32:06 +0000 2018,-0.4404,0.0,0.868,0.132,"The $375,000 salary for the new CDC director has come under criticism from Senate Democrats and watchdog groups. He‚Ä¶ https://t.co/qFY0OAr623",30
430,nytimes,Fri Apr 27 22:17:06 +0000 2018,-0.4215,0.133,0.638,0.229,What it felt like to follow the news of the Golden State Killer https://t.co/6yJRuq5r3Q,31
431,nytimes,Fri Apr 27 22:05:04 +0000 2018,-0.3612,0.0,0.857,0.143,"""How do I cleave Bill Cosby from the man he seduced me into becoming?"" @wesley_morris asks https://t.co/5IODvhVrOB",32
432,nytimes,Fri Apr 27 21:40:07 +0000 2018,0.0772,0.064,0.936,0.0,RT @NYTMetro: A viral video of a foul-mouthed ex-Port Authority commissioner has had a unifying effect: Her former peers at the agency have‚Ä¶,33
433,nytimes,Fri Apr 27 21:25:04 +0000 2018,0.6767,0.26,0.74,0.0,Where is the royal wedding? Who is Harry's best man? Your questions answered: https://t.co/76VWjXjChw,34
434,nytimes,Fri Apr 27 21:10:03 +0000 2018,0.0,0.0,1.0,0.0,"Mississippi, the home to Faulkner, Welty, Ford and Ward, will soon be marking a literary trail for tourists https://t.co/IgCK0GFjfZ",35
435,nytimes,Fri Apr 27 20:55:09 +0000 2018,0.0,0.0,1.0,0.0,An official came across boxes that had been sitting around for decades. Inside were thousands of photos made in par‚Ä¶ https://t.co/w3lADI0Gmi,36
436,nytimes,Fri Apr 27 20:40:06 +0000 2018,-0.7184,0.0,0.75,0.25,"In the Hart household, any act of insubordination could be severely punished. The children knew this all too well,‚Ä¶ https://t.co/ya8Dy8G2aO",37
437,nytimes,Fri Apr 27 20:25:01 +0000 2018,0.4588,0.159,0.758,0.083,"RT @TheSteinLine: Going inside New Orleans' love affair with @RajonRondo ... and his insistence that ""I'm Rondo"" and ""there's no such thing‚Ä¶",38
438,nytimes,Fri Apr 27 20:10:03 +0000 2018,0.0,0.0,1.0,0.0,The New York Times had a spotty record of covering the AIDS epidemic in the early 1980s ‚Äî and gay culture in general https://t.co/pSkTmJ85NI,39
439,nytimes,Fri Apr 27 20:07:07 +0000 2018,0.0,0.0,1.0,0.0,"Serena Williams has pulled ""all the curtains away"" on her private life in a documentary series on motherhood, marri‚Ä¶ https://t.co/zRrWDylTIa",40
440,nytimes,Fri Apr 27 19:57:03 +0000 2018,-0.0772,0.141,0.667,0.192,"RT @nytopinion: A 9,000 mile migration? It was no problem for these remarkable birds ‚Äì until humans got in the way. https://t.co/bid3xHR8xr",41
441,nytimes,Fri Apr 27 19:47:05 +0000 2018,0.6705,0.294,0.588,0.118,"A Kenyan movie about 2 girls who fall in love has been banned in Kenya for being ""too hopeful"" https://t.co/ip4Jelitqs",42
442,nytimes,Fri Apr 27 19:37:05 +0000 2018,-0.3818,0.0,0.88,0.12,"She desperately wanted to move in to a retirement community.
He told her he'd ""sit in the burned-out, firebombed ru‚Ä¶ https://t.co/i6IoWZX5ng",43
443,nytimes,Fri Apr 27 19:31:50 +0000 2018,-0.8126,0.0,0.72,0.28,"RT @NYTNational: The day after law enforcement officials announced that they had finally arrested the Golden State Killer, the focus turned‚Ä¶",44
444,nytimes,Fri Apr 27 19:27:05 +0000 2018,0.2732,0.095,0.905,0.0,"""That first trial was just 11 months ago. In terms of collective consciousness, it might as well have been a lifeti‚Ä¶ https://t.co/6umjfAzS6n",45
445,nytimes,Fri Apr 27 19:17:05 +0000 2018,0.0772,0.158,0.702,0.14,"After firing the House chaplain, Paul Ryan faced pushback in his own party https://t.co/rXjD4ZPV0d",46
446,nytimes,Fri Apr 27 19:07:04 +0000 2018,0.0,0.0,1.0,0.0,"RT @stanfordc: Royal by nature, if not by birth: It's the weekly news quiz https://t.co/wNbbI2KyvX",47
447,nytimes,Fri Apr 27 19:00:49 +0000 2018,0.0,0.0,1.0,0.0,"To discredit Bill Cosby's accusers, his publicist cited the Emmett Till lynching https://t.co/QMwOau3Rl6",48
448,nytimes,Fri Apr 27 18:47:05 +0000 2018,0.2023,0.079,0.921,0.0,RT @NYTSports: Why are the Angels going to a six-man pitching rotation and playing the slow-footed slugger Albert Pujols at first base more‚Ä¶,49
449,nytimes,Fri Apr 27 18:37:02 +0000 2018,0.2924,0.114,0.886,0.0,President Trump said he would not be fooled by North Korea the way his predecessors had been https://t.co/NSJpsDOUqK,50
450,nytimes,Fri Apr 27 18:27:03 +0000 2018,0.0,0.0,1.0,0.0,"RT @Jonesieman: Today's the 120th birthday of ""Madeline""'s author, Ludwig Bemelmans! He had WILD life, as i found out recently: https://t.c‚Ä¶",51
451,nytimes,Fri Apr 27 18:17:02 +0000 2018,-0.4215,0.0,0.714,0.286,Bill Cosby was found guilty. What's next? https://t.co/EGinhwDWvd,52
452,nytimes,Fri Apr 27 18:07:03 +0000 2018,-0.128,0.0,0.927,0.073,T-Mobile and Sprint are said to be close to a merger. A deal would mean that only 3 cellphone carriers dominate the‚Ä¶ https://t.co/tzBAB4QylU,53
453,nytimes,Fri Apr 27 17:57:02 +0000 2018,0.0,0.0,1.0,0.0,President Trump has a chilly relationship with Angela Merkel. Her understated arrival at the White House was a shar‚Ä¶ https://t.co/NmvpdhjhxX,54
454,nytimes,Fri Apr 27 17:47:03 +0000 2018,0.0,0.0,1.0,0.0,What President Trump can expect from his trip to Britain https://t.co/U0c6sil1z9,55
455,nytimes,Fri Apr 27 17:37:04 +0000 2018,0.0,0.0,1.0,0.0,"""There are several high concepts, several over-aching themes, to the Cosby trial"" https://t.co/WuAWbWM2c3",56
456,nytimes,Fri Apr 27 17:30:45 +0000 2018,0.0,0.0,1.0,0.0,Breaking News: Hundreds of Palestinians stormed the fence between Gaza and Israel. Israeli troops responded with le‚Ä¶ https://t.co/Rvvr4oj4ok,57
457,nytimes,Fri Apr 27 17:27:06 +0000 2018,-0.802,0.0,0.69,0.31,"A man wielding a knife killed 7 children and injured a dozen others outside a middle school in China on Friday, the‚Ä¶ https://t.co/304PtG0ugt",58
458,nytimes,Fri Apr 27 17:17:05 +0000 2018,0.7096,0.219,0.781,0.0,"RT @hfairfield: An ode to these rocks, which could help save the planet by removing earth-warming gases from the air: ""Carbonate veins form‚Ä¶",59
459,nytimes,Fri Apr 27 17:07:05 +0000 2018,0.6767,0.194,0.806,0.0,"Modern Love: What if he asked me to go with him, to Colombia or someplace else? What would I do?‚Äù https://t.co/K5GoGUtZ7D",60
460,nytimes,Fri Apr 27 16:59:08 +0000 2018,-0.0,0.105,0.746,0.149,"Urged on by a Hamas leader, hundreds of Palestinian protesters tried to cross the security barrier from Gaza into I‚Ä¶ https://t.co/vLck1Z18iz",61
461,nytimes,Fri Apr 27 16:47:04 +0000 2018,0.3818,0.102,0.898,0.0,RT @nytpolitics: ‚ÄúCatholic members on both sides are furious.‚Äù Father Patrick J. Conroy said Speaker Paul D. Ryan relieved him of his job a‚Ä¶,62
462,nytimes,Fri Apr 27 16:37:03 +0000 2018,0.4404,0.281,0.719,0.0,"Andrea Constand's first statement since the Bill Cosby verdict: ""Truth prevails"" https://t.co/CP57q25b0C",63
463,nytimes,Fri Apr 27 16:27:01 +0000 2018,0.8271,0.393,0.55,0.057,"RT @NYTScience: Sorry if you're afraid of spiders, but this is pretty interesting https://t.co/FfCNjsIjHv",64
464,nytimes,Fri Apr 27 16:17:06 +0000 2018,-0.6249,0.0,0.779,0.221,"On one side of the fight, the argument that consumers should have a choice of electricity providers. On the other,‚Ä¶ https://t.co/1GQwu3N3Uq",65
465,nytimes,Fri Apr 27 16:07:07 +0000 2018,0.6369,0.245,0.755,0.0,Kanye West‚Äôs tweets in support of President Trump have been embraced by conservatives eager for a pop-culture champ‚Ä¶ https://t.co/3xxLp79snC,66
466,nytimes,Fri Apr 27 15:57:06 +0000 2018,0.0,0.0,1.0,0.0,"RT @nytopinion: I don‚Äôt have know what to do with #MeToo'ed men, writes @katiejmbaker. What I do have is a plea to take the question seriou‚Ä¶",67
467,nytimes,Fri Apr 27 15:47:02 +0000 2018,0.0,0.0,1.0,0.0,"Mark your calendars, New Jersey: November 17 will be Danny DeVito Day. https://t.co/ouwZ1aGbFm",68
468,nytimes,Fri Apr 27 15:37:03 +0000 2018,0.4767,0.147,0.853,0.0,RT @nytimesbusiness: How a onetime television producer for prank shows found a new career as an operative for corporate intelligence firms‚Ä¶,69
469,nytimes,Fri Apr 27 15:27:02 +0000 2018,0.0,0.0,1.0,0.0,The meeting between the leaders of North and South Korea was a master class in diplomatic stagecraft https://t.co/aR4IwBQT4y,70
470,nytimes,Fri Apr 27 15:17:04 +0000 2018,0.0,0.0,1.0,0.0,"Six months ago, a parks official came across 2 boxes that had been sitting around for decades. Inside were 2,924 sl‚Ä¶ https://t.co/e9ZGsiNaWD",71
471,nytimes,Fri Apr 27 15:07:05 +0000 2018,0.0,0.0,1.0,0.0,How the Golden State Killer's identity was discovered using a genealogy database https://t.co/LqGbKDytBv,72
472,nytimes,Fri Apr 27 14:57:07 +0000 2018,-0.7717,0.0,0.782,0.218,"RT @jshkatz: Charleston, WV is at the center of the opioid crisis. So why'd they just give up a tool they could've used to fight it?
https:‚Ä¶",73
473,nytimes,Fri Apr 27 14:47:04 +0000 2018,0.0,0.0,1.0,0.0,The Russian lawyer who met with Trump campaign officials in Trump Tower in June 2016 had closer ties to the Kremlin‚Ä¶ https://t.co/B08Ylugx74,74
474,nytimes,Fri Apr 27 14:36:02 +0000 2018,-0.4585,0.0,0.87,0.13,"RT @nytopinion: The Cosby conviction shows that the shield of celebrity is not impenetrable, but powerful men are still powerfully protecte‚Ä¶",75
475,nytimes,Fri Apr 27 14:27:46 +0000 2018,0.0,0.0,1.0,0.0,"""In the presence of the 'Mona Lisa,' digital photography, more than looking at the actual artwork, has become the p‚Ä¶ https://t.co/EKNTuCGwlF",76
476,nytimes,Fri Apr 27 14:19:05 +0000 2018,-0.296,0.0,0.891,0.109,"Breaking News: A House panel released its report on Russian election meddling, saying it found no evidence the Trum‚Ä¶ https://t.co/vcNwU3euLa",77
477,nytimes,Fri Apr 27 14:16:03 +0000 2018,-0.7579,0.0,0.683,0.317,"Here‚Äôs what we know so far about Joseph James DeAngelo, the Golden State Killer suspect https://t.co/fBQA2bkigj",78
478,nytimes,Fri Apr 27 14:00:11 +0000 2018,-0.6124,0.0,0.75,0.25,"How a routine traffic stop broke open a corruption investigation that ensnared the police, the players of Orthodox‚Ä¶ https://t.co/sUezWfiGka",79
479,nytimes,Fri Apr 27 13:50:10 +0000 2018,-0.8012,0.0,0.625,0.375,"In a tweet, President Trump called James Comey ""either very sick or very dumb"" https://t.co/VLZK8g3FQJ",80
480,nytimes,Fri Apr 27 13:40:05 +0000 2018,0.0,0.0,1.0,0.0,"""I am a lawyer, and I am an informant,"" said Natalia Veselnitskaya, the Russian lawyer who met with Trump campaign‚Ä¶ https://t.co/kMErbb2eDY",81
481,nytimes,Fri Apr 27 13:31:05 +0000 2018,0.7906,0.28,0.72,0.0,"President Trump told ""Fox &amp; Friends"" he had gotten his wife ""a beautiful card."" Trevor Noah was incredulous. Late-n‚Ä¶ https://t.co/v62j3bP3DN",82
482,nytimes,Fri Apr 27 13:21:04 +0000 2018,0.0,0.0,1.0,0.0,"Your daily @DealBook Briefing:

‚Ä¢ Can Angela Merkel change President Trump's mind on trade?

‚Ä¢ Why Deutsche Bank wa‚Ä¶ https://t.co/LaOeauxpSk",83
483,nytimes,Fri Apr 27 13:10:09 +0000 2018,0.4019,0.124,0.876,0.0,Oman's rocks are special. They could turn carbon dioxide into stone and store hundreds of years of human emissions.‚Ä¶ https://t.co/JVkzeUWmyz,84
484,nytimes,Fri Apr 27 13:00:14 +0000 2018,0.0,0.0,1.0,0.0,Morning¬†Briefing: Here's what you need to know to start your day https://t.co/x7bCmuBrDB https://t.co/ONE6yecBrN,85
485,nytimes,Fri Apr 27 12:45:10 +0000 2018,0.0,0.0,1.0,0.0,"Louis Arthur Charles is the fifth in line to the throne, after his grandfather Prince Charles; his father; and his‚Ä¶ https://t.co/397d35mbyY",86
486,nytimes,Fri Apr 27 12:43:02 +0000 2018,0.25,0.087,0.913,0.0,"Breaking News: The U.S. economy grew at a 2.3% annual rate in the first quarter, easing off 2017's pace. The full y‚Ä¶ https://t.co/IYFFH843O4",87
487,nytimes,Fri Apr 27 12:30:15 +0000 2018,-0.3412,0.0,0.893,0.107,"""If a sexual predator wanted to come up with a smoke screen for his ghastly conquests, he couldn't do better than C‚Ä¶ https://t.co/TCL0VGSWYu",88
488,nytimes,Fri Apr 27 12:16:04 +0000 2018,0.0,0.0,1.0,0.0,The anti-vaccine movement has come for the pets https://t.co/D3u6R7hR59,89
489,nytimes,Fri Apr 27 12:00:11 +0000 2018,-0.7184,0.0,0.75,0.25,"In the Hart household, any act of insubordination could be severely punished. The children knew this all too well,‚Ä¶ https://t.co/0wzZFtg5q4",90
490,nytimes,Fri Apr 27 11:45:05 +0000 2018,0.0,0.0,1.0,0.0,Video: Kim Jong-un walks across the inter-Korean border to meet Moon Jae-in https://t.co/ni8ooTZXb7,91
491,nytimes,Fri Apr 27 11:30:12 +0000 2018,-0.2023,0.091,0.783,0.126,The leaders of North and South Korea agreed to work to remove all nuclear weapons from the Korean Peninsula https://t.co/vMVfQPA5DU,92
492,nytimes,Fri Apr 27 11:15:09 +0000 2018,0.0,0.0,1.0,0.0,"""When he passed by me, I looked at him with disdain."" Lili Bernard, one of Bill Cosby's accusers, describes her exp‚Ä¶ https://t.co/tt8jVF39f0",93
493,nytimes,Fri Apr 27 11:00:20 +0000 2018,0.7269,0.294,0.607,0.099,RT @nytopinion: Republicans largely devoted 2017 to making life better for the rich. This year their priority is making life worse for the‚Ä¶,94
494,nytimes,Fri Apr 27 10:45:06 +0000 2018,0.0772,0.064,0.936,0.0,"In only 15 months in office, President Trump has burned through a record number of advisers and associates who have‚Ä¶ https://t.co/AwJdvLNNiY",95
495,nytimes,Fri Apr 27 10:30:08 +0000 2018,0.0,0.0,1.0,0.0,"A day after he was sworn in as secretary of state, Mike Pompeo arrived at NATO headquarters in Brussels with some w‚Ä¶ https://t.co/1NazCLdSmr",96
496,nytimes,Fri Apr 27 10:15:04 +0000 2018,0.3612,0.1,0.855,0.045,RT @nytopinion: Italy seems on the verge of a new government led by one or two Euroskeptic parties. Does that mean it will leave the Europe‚Ä¶,97
497,nytimes,Fri Apr 27 10:10:07 +0000 2018,0.0,0.0,1.0,0.0,The British royal family revealed the name of the newly born son of the Duke and Duchess of Cambridge: Louis Arthur‚Ä¶ https://t.co/bX5sXfdbfN,98
498,nytimes,Fri Apr 27 10:00:12 +0000 2018,0.0,0.0,1.0,0.0,Morning¬†Briefing: Here's what you need to know to start your day https://t.co/1cWOTgXdSd https://t.co/1uDaexagjW,99
499,nytimes,Fri Apr 27 09:45:04 +0000 2018,-0.1779,0.0,0.925,0.075,"The last time Merkel met Trump at the White House, the two did not even manage to shake hands before photographers.‚Ä¶ https://t.co/U1VmI8U3Pk",100
